"exp_UID","plot_UID","gen_id","genotype_name","lot","range_lot","row_lot","plot","plant_id","plant_UID","set","unique"
"FPWW036","FPWW0360320",11116644,"ACABO",3,6,18,320,1,"FPWW0360320_1","SFE","C1"
"FPWW036","FPWW0360320",11116644,"ACABO",3,6,18,320,2,"FPWW0360320_2","SFE","C2"
"FPWW036","FPWW0360320",11116644,"ACABO",3,6,18,320,3,"FPWW0360320_3","SFE","C3"
"FPWW036","FPWW0360320",11116644,"ACABO",3,6,18,320,4,"FPWW0360320_4","SFE","C4"
"FPWW036","FPWW0360320",11116644,"ACABO",3,6,18,320,5,"FPWW0360320_5","SFE","C5"
"FPWW036","FPWW0360320",11116644,"ACABO",3,6,18,320,6,"FPWW0360320_6","SFE","C6"
"FPWW036","FPWW0360320",11116644,"ACABO",3,6,18,320,7,"FPWW0360320_7","SFE","C7"
"FPWW036","FPWW0360320",11116644,"ACABO",3,6,18,320,8,"FPWW0360320_8","SFE","C8"
"FPWW036","FPWW0360320",11116644,"ACABO",3,6,18,320,9,"FPWW0360320_9","SFE","C9"
"FPWW036","FPWW0360320",11116644,"ACABO",3,6,18,320,10,"FPWW0360320_10","SFE","C10"
"FPWW036","FPWW0360289",11115890,"ALPVAL",3,2,17,289,1,"FPWW0360289_1","SFE","C11"
"FPWW036","FPWW0360289",11115890,"ALPVAL",3,2,17,289,2,"FPWW0360289_2","SFE","C12"
"FPWW036","FPWW0360289",11115890,"ALPVAL",3,2,17,289,3,"FPWW0360289_3","SFE","C13"
"FPWW036","FPWW0360289",11115890,"ALPVAL",3,2,17,289,4,"FPWW0360289_4","SFE","C14"
"FPWW036","FPWW0360289",11115890,"ALPVAL",3,2,17,289,5,"FPWW0360289_5","SFE","C15"
"FPWW036","FPWW0360289",11115890,"ALPVAL",3,2,17,289,6,"FPWW0360289_6","SFE","C16"
"FPWW036","FPWW0360289",11115890,"ALPVAL",3,2,17,289,7,"FPWW0360289_7","SFE","C17"
"FPWW036","FPWW0360289",11115890,"ALPVAL",3,2,17,289,8,"FPWW0360289_8","SFE","C18"
"FPWW036","FPWW0360289",11115890,"ALPVAL",3,2,17,289,9,"FPWW0360289_9","SFE","C19"
"FPWW036","FPWW0360289",11115890,"ALPVAL",3,2,17,289,10,"FPWW0360289_10","SFE","C20"
"FPWW036","FPWW0360312",546,"ALPVAL",3,14,18,312,1,"FPWW0360312_1","SFE","C21"
"FPWW036","FPWW0360312",546,"ALPVAL",3,14,18,312,2,"FPWW0360312_2","SFE","C22"
"FPWW036","FPWW0360312",546,"ALPVAL",3,14,18,312,3,"FPWW0360312_3","SFE","C23"
"FPWW036","FPWW0360312",546,"ALPVAL",3,14,18,312,4,"FPWW0360312_4","SFE","C24"
"FPWW036","FPWW0360312",546,"ALPVAL",3,14,18,312,5,"FPWW0360312_5","SFE","C25"
"FPWW036","FPWW0360312",546,"ALPVAL",3,14,18,312,6,"FPWW0360312_6","SFE","C26"
"FPWW036","FPWW0360312",546,"ALPVAL",3,14,18,312,7,"FPWW0360312_7","SFE","C27"
"FPWW036","FPWW0360312",546,"ALPVAL",3,14,18,312,8,"FPWW0360312_8","SFE","C28"
"FPWW036","FPWW0360312",546,"ALPVAL",3,14,18,312,9,"FPWW0360312_9","SFE","C29"
"FPWW036","FPWW0360312",546,"ALPVAL",3,14,18,312,10,"FPWW0360312_10","SFE","C30"
"FPWW036","FPWW0360323",245,"Altigo",3,3,18,323,1,"FPWW0360323_1","SFE","C31"
"FPWW036","FPWW0360323",245,"Altigo",3,3,18,323,2,"FPWW0360323_2","SFE","C32"
"FPWW036","FPWW0360323",245,"Altigo",3,3,18,323,3,"FPWW0360323_3","SFE","C33"
"FPWW036","FPWW0360323",245,"Altigo",3,3,18,323,4,"FPWW0360323_4","SFE","C34"
"FPWW036","FPWW0360323",245,"Altigo",3,3,18,323,5,"FPWW0360323_5","SFE","C35"
"FPWW036","FPWW0360323",245,"Altigo",3,3,18,323,6,"FPWW0360323_6","SFE","C36"
"FPWW036","FPWW0360323",245,"Altigo",3,3,18,323,7,"FPWW0360323_7","SFE","C37"
"FPWW036","FPWW0360323",245,"Altigo",3,3,18,323,8,"FPWW0360323_8","SFE","C38"
"FPWW036","FPWW0360323",245,"Altigo",3,3,18,323,9,"FPWW0360323_9","SFE","C39"
"FPWW036","FPWW0360323",245,"Altigo",3,3,18,323,10,"FPWW0360323_10","SFE","C40"
"FPWW036","FPWW0360294",6,"ARINA",3,7,17,294,1,"FPWW0360294_1","SFE","C41"
"FPWW036","FPWW0360294",6,"ARINA",3,7,17,294,2,"FPWW0360294_2","SFE","C42"
"FPWW036","FPWW0360294",6,"ARINA",3,7,17,294,3,"FPWW0360294_3","SFE","C43"
"FPWW036","FPWW0360294",6,"ARINA",3,7,17,294,4,"FPWW0360294_4","SFE","C44"
"FPWW036","FPWW0360294",6,"ARINA",3,7,17,294,5,"FPWW0360294_5","SFE","C45"
"FPWW036","FPWW0360294",6,"ARINA",3,7,17,294,6,"FPWW0360294_6","SFE","C46"
"FPWW036","FPWW0360294",6,"ARINA",3,7,17,294,7,"FPWW0360294_7","SFE","C47"
"FPWW036","FPWW0360294",6,"ARINA",3,7,17,294,8,"FPWW0360294_8","SFE","C48"
"FPWW036","FPWW0360294",6,"ARINA",3,7,17,294,9,"FPWW0360294_9","SFE","C49"
"FPWW036","FPWW0360294",6,"ARINA",3,7,17,294,10,"FPWW0360294_10","SFE","C50"
"FPWW036","FPWW0360292",583,"Aurelius",3,5,17,292,1,"FPWW0360292_1","SFE","C51"
"FPWW036","FPWW0360292",583,"Aurelius",3,5,17,292,2,"FPWW0360292_2","SFE","C52"
"FPWW036","FPWW0360292",583,"Aurelius",3,5,17,292,3,"FPWW0360292_3","SFE","C53"
"FPWW036","FPWW0360292",583,"Aurelius",3,5,17,292,4,"FPWW0360292_4","SFE","C54"
"FPWW036","FPWW0360292",583,"Aurelius",3,5,17,292,5,"FPWW0360292_5","SFE","C55"
"FPWW036","FPWW0360292",583,"Aurelius",3,5,17,292,6,"FPWW0360292_6","SFE","C56"
"FPWW036","FPWW0360292",583,"Aurelius",3,5,17,292,7,"FPWW0360292_7","SFE","C57"
"FPWW036","FPWW0360292",583,"Aurelius",3,5,17,292,8,"FPWW0360292_8","SFE","C58"
"FPWW036","FPWW0360292",583,"Aurelius",3,5,17,292,9,"FPWW0360292_9","SFE","C59"
"FPWW036","FPWW0360292",583,"Aurelius",3,5,17,292,10,"FPWW0360292_10","SFE","C60"
"FPWW036","FPWW0360330",544,"AXEN",3,7,19,330,1,"FPWW0360330_1","SFE","C61"
"FPWW036","FPWW0360330",544,"AXEN",3,7,19,330,2,"FPWW0360330_2","SFE","C62"
"FPWW036","FPWW0360330",544,"AXEN",3,7,19,330,3,"FPWW0360330_3","SFE","C63"
"FPWW036","FPWW0360330",544,"AXEN",3,7,19,330,4,"FPWW0360330_4","SFE","C64"
"FPWW036","FPWW0360330",544,"AXEN",3,7,19,330,5,"FPWW0360330_5","SFE","C65"
"FPWW036","FPWW0360330",544,"AXEN",3,7,19,330,6,"FPWW0360330_6","SFE","C66"
"FPWW036","FPWW0360330",544,"AXEN",3,7,19,330,7,"FPWW0360330_7","SFE","C67"
"FPWW036","FPWW0360330",544,"AXEN",3,7,19,330,8,"FPWW0360330_8","SFE","C68"
"FPWW036","FPWW0360330",544,"AXEN",3,7,19,330,9,"FPWW0360330_9","SFE","C69"
"FPWW036","FPWW0360330",544,"AXEN",3,7,19,330,10,"FPWW0360330_10","SFE","C70"
"FPWW036","FPWW0360327",29410465,"BALBALERA",3,4,19,327,1,"FPWW0360327_1","SFE","C71"
"FPWW036","FPWW0360327",29410465,"BALBALERA",3,4,19,327,2,"FPWW0360327_2","SFE","C72"
"FPWW036","FPWW0360327",29410465,"BALBALERA",3,4,19,327,3,"FPWW0360327_3","SFE","C73"
"FPWW036","FPWW0360327",29410465,"BALBALERA",3,4,19,327,4,"FPWW0360327_4","SFE","C74"
"FPWW036","FPWW0360327",29410465,"BALBALERA",3,4,19,327,5,"FPWW0360327_5","SFE","C75"
"FPWW036","FPWW0360327",29410465,"BALBALERA",3,4,19,327,6,"FPWW0360327_6","SFE","C76"
"FPWW036","FPWW0360327",29410465,"BALBALERA",3,4,19,327,7,"FPWW0360327_7","SFE","C77"
"FPWW036","FPWW0360327",29410465,"BALBALERA",3,4,19,327,8,"FPWW0360327_8","SFE","C78"
"FPWW036","FPWW0360327",29410465,"BALBALERA",3,4,19,327,9,"FPWW0360327_9","SFE","C79"
"FPWW036","FPWW0360327",29410465,"BALBALERA",3,4,19,327,10,"FPWW0360327_10","SFE","C80"
"FPWW036","FPWW0360309",451,"BARETTA",3,17,18,309,1,"FPWW0360309_1","SFE","C81"
"FPWW036","FPWW0360309",451,"BARETTA",3,17,18,309,2,"FPWW0360309_2","SFE","C82"
"FPWW036","FPWW0360309",451,"BARETTA",3,17,18,309,3,"FPWW0360309_3","SFE","C83"
"FPWW036","FPWW0360309",451,"BARETTA",3,17,18,309,4,"FPWW0360309_4","SFE","C84"
"FPWW036","FPWW0360309",451,"BARETTA",3,17,18,309,5,"FPWW0360309_5","SFE","C85"
"FPWW036","FPWW0360309",451,"BARETTA",3,17,18,309,6,"FPWW0360309_6","SFE","C86"
"FPWW036","FPWW0360309",451,"BARETTA",3,17,18,309,7,"FPWW0360309_7","SFE","C87"
"FPWW036","FPWW0360309",451,"BARETTA",3,17,18,309,8,"FPWW0360309_8","SFE","C88"
"FPWW036","FPWW0360309",451,"BARETTA",3,17,18,309,9,"FPWW0360309_9","SFE","C89"
"FPWW036","FPWW0360309",451,"BARETTA",3,17,18,309,10,"FPWW0360309_10","SFE","C90"
"FPWW036","FPWW0360328",448,"Bernstein",3,5,19,328,1,"FPWW0360328_1","SFE","C91"
"FPWW036","FPWW0360328",448,"Bernstein",3,5,19,328,2,"FPWW0360328_2","SFE","C92"
"FPWW036","FPWW0360328",448,"Bernstein",3,5,19,328,3,"FPWW0360328_3","SFE","C93"
"FPWW036","FPWW0360328",448,"Bernstein",3,5,19,328,4,"FPWW0360328_4","SFE","C94"
"FPWW036","FPWW0360328",448,"Bernstein",3,5,19,328,5,"FPWW0360328_5","SFE","C95"
"FPWW036","FPWW0360328",448,"Bernstein",3,5,19,328,6,"FPWW0360328_6","SFE","C96"
"FPWW036","FPWW0360328",448,"Bernstein",3,5,19,328,7,"FPWW0360328_7","SFE","C97"
"FPWW036","FPWW0360328",448,"Bernstein",3,5,19,328,8,"FPWW0360328_8","SFE","C98"
"FPWW036","FPWW0360328",448,"Bernstein",3,5,19,328,9,"FPWW0360328_9","SFE","C99"
"FPWW036","FPWW0360328",448,"Bernstein",3,5,19,328,10,"FPWW0360328_10","SFE","C100"
"FPWW036","FPWW0360305",609,"BODELI",3,18,17,305,1,"FPWW0360305_1","SFE","C101"
"FPWW036","FPWW0360305",609,"BODELI",3,18,17,305,2,"FPWW0360305_2","SFE","C102"
"FPWW036","FPWW0360305",609,"BODELI",3,18,17,305,3,"FPWW0360305_3","SFE","C103"
"FPWW036","FPWW0360305",609,"BODELI",3,18,17,305,4,"FPWW0360305_4","SFE","C104"
"FPWW036","FPWW0360305",609,"BODELI",3,18,17,305,5,"FPWW0360305_5","SFE","C105"
"FPWW036","FPWW0360305",609,"BODELI",3,18,17,305,6,"FPWW0360305_6","SFE","C106"
"FPWW036","FPWW0360305",609,"BODELI",3,18,17,305,7,"FPWW0360305_7","SFE","C107"
"FPWW036","FPWW0360305",609,"BODELI",3,18,17,305,8,"FPWW0360305_8","SFE","C108"
"FPWW036","FPWW0360305",609,"BODELI",3,18,17,305,9,"FPWW0360305_9","SFE","C109"
"FPWW036","FPWW0360305",609,"BODELI",3,18,17,305,10,"FPWW0360305_10","SFE","C110"
"FPWW036","FPWW0360298",594,"Bologna",3,11,17,298,1,"FPWW0360298_1","SFE","C111"
"FPWW036","FPWW0360298",594,"Bologna",3,11,17,298,2,"FPWW0360298_2","SFE","C112"
"FPWW036","FPWW0360298",594,"Bologna",3,11,17,298,3,"FPWW0360298_3","SFE","C113"
"FPWW036","FPWW0360298",594,"Bologna",3,11,17,298,4,"FPWW0360298_4","SFE","C114"
"FPWW036","FPWW0360298",594,"Bologna",3,11,17,298,5,"FPWW0360298_5","SFE","C115"
"FPWW036","FPWW0360298",594,"Bologna",3,11,17,298,6,"FPWW0360298_6","SFE","C116"
"FPWW036","FPWW0360298",594,"Bologna",3,11,17,298,7,"FPWW0360298_7","SFE","C117"
"FPWW036","FPWW0360298",594,"Bologna",3,11,17,298,8,"FPWW0360298_8","SFE","C118"
"FPWW036","FPWW0360298",594,"Bologna",3,11,17,298,9,"FPWW0360298_9","SFE","C119"
"FPWW036","FPWW0360298",594,"Bologna",3,11,17,298,10,"FPWW0360298_10","SFE","C120"
"FPWW036","FPWW0360308",547,"BONAVAU",3,18,18,308,1,"FPWW0360308_1","SFE","C121"
"FPWW036","FPWW0360308",547,"BONAVAU",3,18,18,308,2,"FPWW0360308_2","SFE","C122"
"FPWW036","FPWW0360308",547,"BONAVAU",3,18,18,308,3,"FPWW0360308_3","SFE","C123"
"FPWW036","FPWW0360308",547,"BONAVAU",3,18,18,308,4,"FPWW0360308_4","SFE","C124"
"FPWW036","FPWW0360308",547,"BONAVAU",3,18,18,308,5,"FPWW0360308_5","SFE","C125"
"FPWW036","FPWW0360308",547,"BONAVAU",3,18,18,308,6,"FPWW0360308_6","SFE","C126"
"FPWW036","FPWW0360308",547,"BONAVAU",3,18,18,308,7,"FPWW0360308_7","SFE","C127"
"FPWW036","FPWW0360308",547,"BONAVAU",3,18,18,308,8,"FPWW0360308_8","SFE","C128"
"FPWW036","FPWW0360308",547,"BONAVAU",3,18,18,308,9,"FPWW0360308_9","SFE","C129"
"FPWW036","FPWW0360308",547,"BONAVAU",3,18,18,308,10,"FPWW0360308_10","SFE","C130"
"FPWW036","FPWW0360332",472,"CADLIMO",3,9,19,332,1,"FPWW0360332_1","SFE","C131"
"FPWW036","FPWW0360332",472,"CADLIMO",3,9,19,332,2,"FPWW0360332_2","SFE","C132"
"FPWW036","FPWW0360332",472,"CADLIMO",3,9,19,332,3,"FPWW0360332_3","SFE","C133"
"FPWW036","FPWW0360332",472,"CADLIMO",3,9,19,332,4,"FPWW0360332_4","SFE","C134"
"FPWW036","FPWW0360332",472,"CADLIMO",3,9,19,332,5,"FPWW0360332_5","SFE","C135"
"FPWW036","FPWW0360332",472,"CADLIMO",3,9,19,332,6,"FPWW0360332_6","SFE","C136"
"FPWW036","FPWW0360332",472,"CADLIMO",3,9,19,332,7,"FPWW0360332_7","SFE","C137"
"FPWW036","FPWW0360332",472,"CADLIMO",3,9,19,332,8,"FPWW0360332_8","SFE","C138"
"FPWW036","FPWW0360332",472,"CADLIMO",3,9,19,332,9,"FPWW0360332_9","SFE","C139"
"FPWW036","FPWW0360332",472,"CADLIMO",3,9,19,332,10,"FPWW0360332_10","SFE","C140"
"FPWW036","FPWW0360296",663,"CAMINADA",3,9,17,296,1,"FPWW0360296_1","SFE","C141"
"FPWW036","FPWW0360296",663,"CAMINADA",3,9,17,296,2,"FPWW0360296_2","SFE","C142"
"FPWW036","FPWW0360296",663,"CAMINADA",3,9,17,296,3,"FPWW0360296_3","SFE","C143"
"FPWW036","FPWW0360296",663,"CAMINADA",3,9,17,296,4,"FPWW0360296_4","SFE","C144"
"FPWW036","FPWW0360296",663,"CAMINADA",3,9,17,296,5,"FPWW0360296_5","SFE","C145"
"FPWW036","FPWW0360296",663,"CAMINADA",3,9,17,296,6,"FPWW0360296_6","SFE","C146"
"FPWW036","FPWW0360296",663,"CAMINADA",3,9,17,296,7,"FPWW0360296_7","SFE","C147"
"FPWW036","FPWW0360296",663,"CAMINADA",3,9,17,296,8,"FPWW0360296_8","SFE","C148"
"FPWW036","FPWW0360296",663,"CAMINADA",3,9,17,296,9,"FPWW0360296_9","SFE","C149"
"FPWW036","FPWW0360296",663,"CAMINADA",3,9,17,296,10,"FPWW0360296_10","SFE","C150"
"FPWW036","FPWW0360336",533,"CAMPANILE",3,13,19,336,1,"FPWW0360336_1","SFE","C151"
"FPWW036","FPWW0360336",533,"CAMPANILE",3,13,19,336,2,"FPWW0360336_2","SFE","C152"
"FPWW036","FPWW0360336",533,"CAMPANILE",3,13,19,336,3,"FPWW0360336_3","SFE","C153"
"FPWW036","FPWW0360336",533,"CAMPANILE",3,13,19,336,4,"FPWW0360336_4","SFE","C154"
"FPWW036","FPWW0360336",533,"CAMPANILE",3,13,19,336,5,"FPWW0360336_5","SFE","C155"
"FPWW036","FPWW0360336",533,"CAMPANILE",3,13,19,336,6,"FPWW0360336_6","SFE","C156"
"FPWW036","FPWW0360336",533,"CAMPANILE",3,13,19,336,7,"FPWW0360336_7","SFE","C157"
"FPWW036","FPWW0360336",533,"CAMPANILE",3,13,19,336,8,"FPWW0360336_8","SFE","C158"
"FPWW036","FPWW0360336",533,"CAMPANILE",3,13,19,336,9,"FPWW0360336_9","SFE","C159"
"FPWW036","FPWW0360336",533,"CAMPANILE",3,13,19,336,10,"FPWW0360336_10","SFE","C160"
"FPWW036","FPWW0360316",615,"CAMPESINO",3,10,18,316,1,"FPWW0360316_1","SFE","C161"
"FPWW036","FPWW0360316",615,"CAMPESINO",3,10,18,316,2,"FPWW0360316_2","SFE","C162"
"FPWW036","FPWW0360316",615,"CAMPESINO",3,10,18,316,3,"FPWW0360316_3","SFE","C163"
"FPWW036","FPWW0360316",615,"CAMPESINO",3,10,18,316,4,"FPWW0360316_4","SFE","C164"
"FPWW036","FPWW0360316",615,"CAMPESINO",3,10,18,316,5,"FPWW0360316_5","SFE","C165"
"FPWW036","FPWW0360316",615,"CAMPESINO",3,10,18,316,6,"FPWW0360316_6","SFE","C166"
"FPWW036","FPWW0360316",615,"CAMPESINO",3,10,18,316,7,"FPWW0360316_7","SFE","C167"
"FPWW036","FPWW0360316",615,"CAMPESINO",3,10,18,316,8,"FPWW0360316_8","SFE","C168"
"FPWW036","FPWW0360316",615,"CAMPESINO",3,10,18,316,9,"FPWW0360316_9","SFE","C169"
"FPWW036","FPWW0360316",615,"CAMPESINO",3,10,18,316,10,"FPWW0360316_10","SFE","C170"
"FPWW036","FPWW0360340",1,"CH CLARO",3,17,19,340,1,"FPWW0360340_1","SFE","C171"
"FPWW036","FPWW0360340",1,"CH CLARO",3,17,19,340,2,"FPWW0360340_2","SFE","C172"
"FPWW036","FPWW0360340",1,"CH CLARO",3,17,19,340,3,"FPWW0360340_3","SFE","C173"
"FPWW036","FPWW0360340",1,"CH CLARO",3,17,19,340,4,"FPWW0360340_4","SFE","C174"
"FPWW036","FPWW0360340",1,"CH CLARO",3,17,19,340,5,"FPWW0360340_5","SFE","C175"
"FPWW036","FPWW0360340",1,"CH CLARO",3,17,19,340,6,"FPWW0360340_6","SFE","C176"
"FPWW036","FPWW0360340",1,"CH CLARO",3,17,19,340,7,"FPWW0360340_7","SFE","C177"
"FPWW036","FPWW0360340",1,"CH CLARO",3,17,19,340,8,"FPWW0360340_8","SFE","C178"
"FPWW036","FPWW0360340",1,"CH CLARO",3,17,19,340,9,"FPWW0360340_9","SFE","C179"
"FPWW036","FPWW0360340",1,"CH CLARO",3,17,19,340,10,"FPWW0360340_10","SFE","C180"
"FPWW036","FPWW0360322",424,"CH_NARA",3,4,18,322,1,"FPWW0360322_1","SFE","C181"
"FPWW036","FPWW0360322",424,"CH_NARA",3,4,18,322,2,"FPWW0360322_2","SFE","C182"
"FPWW036","FPWW0360322",424,"CH_NARA",3,4,18,322,3,"FPWW0360322_3","SFE","C183"
"FPWW036","FPWW0360322",424,"CH_NARA",3,4,18,322,4,"FPWW0360322_4","SFE","C184"
"FPWW036","FPWW0360322",424,"CH_NARA",3,4,18,322,5,"FPWW0360322_5","SFE","C185"
"FPWW036","FPWW0360322",424,"CH_NARA",3,4,18,322,6,"FPWW0360322_6","SFE","C186"
"FPWW036","FPWW0360322",424,"CH_NARA",3,4,18,322,7,"FPWW0360322_7","SFE","C187"
"FPWW036","FPWW0360322",424,"CH_NARA",3,4,18,322,8,"FPWW0360322_8","SFE","C188"
"FPWW036","FPWW0360322",424,"CH_NARA",3,4,18,322,9,"FPWW0360322_9","SFE","C189"
"FPWW036","FPWW0360322",424,"CH_NARA",3,4,18,322,10,"FPWW0360322_10","SFE","C190"
"FPWW036","FPWW0360293",582,"Chevignon",3,6,17,293,1,"FPWW0360293_1","SFE","C191"
"FPWW036","FPWW0360293",582,"Chevignon",3,6,17,293,2,"FPWW0360293_2","SFE","C192"
"FPWW036","FPWW0360293",582,"Chevignon",3,6,17,293,3,"FPWW0360293_3","SFE","C193"
"FPWW036","FPWW0360293",582,"Chevignon",3,6,17,293,4,"FPWW0360293_4","SFE","C194"
"FPWW036","FPWW0360293",582,"Chevignon",3,6,17,293,5,"FPWW0360293_5","SFE","C195"
"FPWW036","FPWW0360293",582,"Chevignon",3,6,17,293,6,"FPWW0360293_6","SFE","C196"
"FPWW036","FPWW0360293",582,"Chevignon",3,6,17,293,7,"FPWW0360293_7","SFE","C197"
"FPWW036","FPWW0360293",582,"Chevignon",3,6,17,293,8,"FPWW0360293_8","SFE","C198"
"FPWW036","FPWW0360293",582,"Chevignon",3,6,17,293,9,"FPWW0360293_9","SFE","C199"
"FPWW036","FPWW0360293",582,"Chevignon",3,6,17,293,10,"FPWW0360293_10","SFE","C200"
"FPWW036","FPWW0360300",591,"Costello",3,13,17,300,1,"FPWW0360300_1","SFE","C201"
"FPWW036","FPWW0360300",591,"Costello",3,13,17,300,2,"FPWW0360300_2","SFE","C202"
"FPWW036","FPWW0360300",591,"Costello",3,13,17,300,3,"FPWW0360300_3","SFE","C203"
"FPWW036","FPWW0360300",591,"Costello",3,13,17,300,4,"FPWW0360300_4","SFE","C204"
"FPWW036","FPWW0360300",591,"Costello",3,13,17,300,5,"FPWW0360300_5","SFE","C205"
"FPWW036","FPWW0360300",591,"Costello",3,13,17,300,6,"FPWW0360300_6","SFE","C206"
"FPWW036","FPWW0360300",591,"Costello",3,13,17,300,7,"FPWW0360300_7","SFE","C207"
"FPWW036","FPWW0360300",591,"Costello",3,13,17,300,8,"FPWW0360300_8","SFE","C208"
"FPWW036","FPWW0360300",591,"Costello",3,13,17,300,9,"FPWW0360300_9","SFE","C209"
"FPWW036","FPWW0360300",591,"Costello",3,13,17,300,10,"FPWW0360300_10","SFE","C210"
"FPWW036","FPWW0360315",584,"Dagmar",3,11,18,315,1,"FPWW0360315_1","SFE","C211"
"FPWW036","FPWW0360315",584,"Dagmar",3,11,18,315,2,"FPWW0360315_2","SFE","C212"
"FPWW036","FPWW0360315",584,"Dagmar",3,11,18,315,3,"FPWW0360315_3","SFE","C213"
"FPWW036","FPWW0360315",584,"Dagmar",3,11,18,315,4,"FPWW0360315_4","SFE","C214"
"FPWW036","FPWW0360315",584,"Dagmar",3,11,18,315,5,"FPWW0360315_5","SFE","C215"
"FPWW036","FPWW0360315",584,"Dagmar",3,11,18,315,6,"FPWW0360315_6","SFE","C216"
"FPWW036","FPWW0360315",584,"Dagmar",3,11,18,315,7,"FPWW0360315_7","SFE","C217"
"FPWW036","FPWW0360315",584,"Dagmar",3,11,18,315,8,"FPWW0360315_8","SFE","C218"
"FPWW036","FPWW0360315",584,"Dagmar",3,11,18,315,9,"FPWW0360315_9","SFE","C219"
"FPWW036","FPWW0360315",584,"Dagmar",3,11,18,315,10,"FPWW0360315_10","SFE","C220"
"FPWW036","FPWW0360299",476,"DIAVEL",3,12,17,299,1,"FPWW0360299_1","SFE","C221"
"FPWW036","FPWW0360299",476,"DIAVEL",3,12,17,299,2,"FPWW0360299_2","SFE","C222"
"FPWW036","FPWW0360299",476,"DIAVEL",3,12,17,299,3,"FPWW0360299_3","SFE","C223"
"FPWW036","FPWW0360299",476,"DIAVEL",3,12,17,299,4,"FPWW0360299_4","SFE","C224"
"FPWW036","FPWW0360299",476,"DIAVEL",3,12,17,299,5,"FPWW0360299_5","SFE","C225"
"FPWW036","FPWW0360299",476,"DIAVEL",3,12,17,299,6,"FPWW0360299_6","SFE","C226"
"FPWW036","FPWW0360299",476,"DIAVEL",3,12,17,299,7,"FPWW0360299_7","SFE","C227"
"FPWW036","FPWW0360299",476,"DIAVEL",3,12,17,299,8,"FPWW0360299_8","SFE","C228"
"FPWW036","FPWW0360299",476,"DIAVEL",3,12,17,299,9,"FPWW0360299_9","SFE","C229"
"FPWW036","FPWW0360299",476,"DIAVEL",3,12,17,299,10,"FPWW0360299_10","SFE","C230"
"FPWW036","FPWW0360331",19111881,"EKONOM",3,8,19,331,1,"FPWW0360331_1","SFE","C231"
"FPWW036","FPWW0360331",19111881,"EKONOM",3,8,19,331,2,"FPWW0360331_2","SFE","C232"
"FPWW036","FPWW0360331",19111881,"EKONOM",3,8,19,331,3,"FPWW0360331_3","SFE","C233"
"FPWW036","FPWW0360331",19111881,"EKONOM",3,8,19,331,4,"FPWW0360331_4","SFE","C234"
"FPWW036","FPWW0360331",19111881,"EKONOM",3,8,19,331,5,"FPWW0360331_5","SFE","C235"
"FPWW036","FPWW0360331",19111881,"EKONOM",3,8,19,331,6,"FPWW0360331_6","SFE","C236"
"FPWW036","FPWW0360331",19111881,"EKONOM",3,8,19,331,7,"FPWW0360331_7","SFE","C237"
"FPWW036","FPWW0360331",19111881,"EKONOM",3,8,19,331,8,"FPWW0360331_8","SFE","C238"
"FPWW036","FPWW0360331",19111881,"EKONOM",3,8,19,331,9,"FPWW0360331_9","SFE","C239"
"FPWW036","FPWW0360331",19111881,"EKONOM",3,8,19,331,10,"FPWW0360331_10","SFE","C240"
"FPWW036","FPWW0360306",19111917,"EXSAL",3,19,17,306,1,"FPWW0360306_1","SFE","C241"
"FPWW036","FPWW0360306",19111917,"EXSAL",3,19,17,306,2,"FPWW0360306_2","SFE","C242"
"FPWW036","FPWW0360306",19111917,"EXSAL",3,19,17,306,3,"FPWW0360306_3","SFE","C243"
"FPWW036","FPWW0360306",19111917,"EXSAL",3,19,17,306,4,"FPWW0360306_4","SFE","C244"
"FPWW036","FPWW0360306",19111917,"EXSAL",3,19,17,306,5,"FPWW0360306_5","SFE","C245"
"FPWW036","FPWW0360306",19111917,"EXSAL",3,19,17,306,6,"FPWW0360306_6","SFE","C246"
"FPWW036","FPWW0360306",19111917,"EXSAL",3,19,17,306,7,"FPWW0360306_7","SFE","C247"
"FPWW036","FPWW0360306",19111917,"EXSAL",3,19,17,306,8,"FPWW0360306_8","SFE","C248"
"FPWW036","FPWW0360306",19111917,"EXSAL",3,19,17,306,9,"FPWW0360306_9","SFE","C249"
"FPWW036","FPWW0360306",19111917,"EXSAL",3,19,17,306,10,"FPWW0360306_10","SFE","C250"
"FPWW036","FPWW0360339",11116496,"FIER",3,16,19,339,1,"FPWW0360339_1","SFE","C251"
"FPWW036","FPWW0360339",11116496,"FIER",3,16,19,339,2,"FPWW0360339_2","SFE","C252"
"FPWW036","FPWW0360339",11116496,"FIER",3,16,19,339,3,"FPWW0360339_3","SFE","C253"
"FPWW036","FPWW0360339",11116496,"FIER",3,16,19,339,4,"FPWW0360339_4","SFE","C254"
"FPWW036","FPWW0360339",11116496,"FIER",3,16,19,339,5,"FPWW0360339_5","SFE","C255"
"FPWW036","FPWW0360339",11116496,"FIER",3,16,19,339,6,"FPWW0360339_6","SFE","C256"
"FPWW036","FPWW0360339",11116496,"FIER",3,16,19,339,7,"FPWW0360339_7","SFE","C257"
"FPWW036","FPWW0360339",11116496,"FIER",3,16,19,339,8,"FPWW0360339_8","SFE","C258"
"FPWW036","FPWW0360339",11116496,"FIER",3,16,19,339,9,"FPWW0360339_9","SFE","C259"
"FPWW036","FPWW0360339",11116496,"FIER",3,16,19,339,10,"FPWW0360339_10","SFE","C260"
"FPWW036","FPWW0360291",28,"FOREL",3,4,17,291,1,"FPWW0360291_1","SFE","C261"
"FPWW036","FPWW0360291",28,"FOREL",3,4,17,291,2,"FPWW0360291_2","SFE","C262"
"FPWW036","FPWW0360291",28,"FOREL",3,4,17,291,3,"FPWW0360291_3","SFE","C263"
"FPWW036","FPWW0360291",28,"FOREL",3,4,17,291,4,"FPWW0360291_4","SFE","C264"
"FPWW036","FPWW0360291",28,"FOREL",3,4,17,291,5,"FPWW0360291_5","SFE","C265"
"FPWW036","FPWW0360291",28,"FOREL",3,4,17,291,6,"FPWW0360291_6","SFE","C266"
"FPWW036","FPWW0360291",28,"FOREL",3,4,17,291,7,"FPWW0360291_7","SFE","C267"
"FPWW036","FPWW0360291",28,"FOREL",3,4,17,291,8,"FPWW0360291_8","SFE","C268"
"FPWW036","FPWW0360291",28,"FOREL",3,4,17,291,9,"FPWW0360291_9","SFE","C269"
"FPWW036","FPWW0360291",28,"FOREL",3,4,17,291,10,"FPWW0360291_10","SFE","C270"
"FPWW036","FPWW0360325",11116513,"FUORN",3,2,19,325,1,"FPWW0360325_1","SFE","C271"
"FPWW036","FPWW0360325",11116513,"FUORN",3,2,19,325,2,"FPWW0360325_2","SFE","C272"
"FPWW036","FPWW0360325",11116513,"FUORN",3,2,19,325,3,"FPWW0360325_3","SFE","C273"
"FPWW036","FPWW0360325",11116513,"FUORN",3,2,19,325,4,"FPWW0360325_4","SFE","C274"
"FPWW036","FPWW0360325",11116513,"FUORN",3,2,19,325,5,"FPWW0360325_5","SFE","C275"
"FPWW036","FPWW0360325",11116513,"FUORN",3,2,19,325,6,"FPWW0360325_6","SFE","C276"
"FPWW036","FPWW0360325",11116513,"FUORN",3,2,19,325,7,"FPWW0360325_7","SFE","C277"
"FPWW036","FPWW0360325",11116513,"FUORN",3,2,19,325,8,"FPWW0360325_8","SFE","C278"
"FPWW036","FPWW0360325",11116513,"FUORN",3,2,19,325,9,"FPWW0360325_9","SFE","C279"
"FPWW036","FPWW0360325",11116513,"FUORN",3,2,19,325,10,"FPWW0360325_10","SFE","C280"
"FPWW036","FPWW0360319",593,"GK Sziliard",3,7,18,319,1,"FPWW0360319_1","SFE","C281"
"FPWW036","FPWW0360319",593,"GK Sziliard",3,7,18,319,2,"FPWW0360319_2","SFE","C282"
"FPWW036","FPWW0360319",593,"GK Sziliard",3,7,18,319,3,"FPWW0360319_3","SFE","C283"
"FPWW036","FPWW0360319",593,"GK Sziliard",3,7,18,319,4,"FPWW0360319_4","SFE","C284"
"FPWW036","FPWW0360319",593,"GK Sziliard",3,7,18,319,5,"FPWW0360319_5","SFE","C285"
"FPWW036","FPWW0360319",593,"GK Sziliard",3,7,18,319,6,"FPWW0360319_6","SFE","C286"
"FPWW036","FPWW0360319",593,"GK Sziliard",3,7,18,319,7,"FPWW0360319_7","SFE","C287"
"FPWW036","FPWW0360319",593,"GK Sziliard",3,7,18,319,8,"FPWW0360319_8","SFE","C288"
"FPWW036","FPWW0360319",593,"GK Sziliard",3,7,18,319,9,"FPWW0360319_9","SFE","C289"
"FPWW036","FPWW0360319",593,"GK Sziliard",3,7,18,319,10,"FPWW0360319_10","SFE","C290"
"FPWW036","FPWW0360329",23,"HANSWIN",3,6,19,329,1,"FPWW0360329_1","SFE","C291"
"FPWW036","FPWW0360329",23,"HANSWIN",3,6,19,329,2,"FPWW0360329_2","SFE","C292"
"FPWW036","FPWW0360329",23,"HANSWIN",3,6,19,329,3,"FPWW0360329_3","SFE","C293"
"FPWW036","FPWW0360329",23,"HANSWIN",3,6,19,329,4,"FPWW0360329_4","SFE","C294"
"FPWW036","FPWW0360329",23,"HANSWIN",3,6,19,329,5,"FPWW0360329_5","SFE","C295"
"FPWW036","FPWW0360329",23,"HANSWIN",3,6,19,329,6,"FPWW0360329_6","SFE","C296"
"FPWW036","FPWW0360329",23,"HANSWIN",3,6,19,329,7,"FPWW0360329_7","SFE","C297"
"FPWW036","FPWW0360329",23,"HANSWIN",3,6,19,329,8,"FPWW0360329_8","SFE","C298"
"FPWW036","FPWW0360329",23,"HANSWIN",3,6,19,329,9,"FPWW0360329_9","SFE","C299"
"FPWW036","FPWW0360329",23,"HANSWIN",3,6,19,329,10,"FPWW0360329_10","SFE","C300"
"FPWW036","FPWW0360303",585,"Julie",3,16,17,303,1,"FPWW0360303_1","SFE","C301"
"FPWW036","FPWW0360303",585,"Julie",3,16,17,303,2,"FPWW0360303_2","SFE","C302"
"FPWW036","FPWW0360303",585,"Julie",3,16,17,303,3,"FPWW0360303_3","SFE","C303"
"FPWW036","FPWW0360303",585,"Julie",3,16,17,303,4,"FPWW0360303_4","SFE","C304"
"FPWW036","FPWW0360303",585,"Julie",3,16,17,303,5,"FPWW0360303_5","SFE","C305"
"FPWW036","FPWW0360303",585,"Julie",3,16,17,303,6,"FPWW0360303_6","SFE","C306"
"FPWW036","FPWW0360303",585,"Julie",3,16,17,303,7,"FPWW0360303_7","SFE","C307"
"FPWW036","FPWW0360303",585,"Julie",3,16,17,303,8,"FPWW0360303_8","SFE","C308"
"FPWW036","FPWW0360303",585,"Julie",3,16,17,303,9,"FPWW0360303_9","SFE","C309"
"FPWW036","FPWW0360303",585,"Julie",3,16,17,303,10,"FPWW0360303_10","SFE","C310"
"FPWW036","FPWW0360337",19111818,"KASTELL",3,14,19,337,1,"FPWW0360337_1","SFE","C311"
"FPWW036","FPWW0360337",19111818,"KASTELL",3,14,19,337,2,"FPWW0360337_2","SFE","C312"
"FPWW036","FPWW0360337",19111818,"KASTELL",3,14,19,337,3,"FPWW0360337_3","SFE","C313"
"FPWW036","FPWW0360337",19111818,"KASTELL",3,14,19,337,4,"FPWW0360337_4","SFE","C314"
"FPWW036","FPWW0360337",19111818,"KASTELL",3,14,19,337,5,"FPWW0360337_5","SFE","C315"
"FPWW036","FPWW0360337",19111818,"KASTELL",3,14,19,337,6,"FPWW0360337_6","SFE","C316"
"FPWW036","FPWW0360337",19111818,"KASTELL",3,14,19,337,7,"FPWW0360337_7","SFE","C317"
"FPWW036","FPWW0360337",19111818,"KASTELL",3,14,19,337,8,"FPWW0360337_8","SFE","C318"
"FPWW036","FPWW0360337",19111818,"KASTELL",3,14,19,337,9,"FPWW0360337_9","SFE","C319"
"FPWW036","FPWW0360337",19111818,"KASTELL",3,14,19,337,10,"FPWW0360337_10","SFE","C320"
"FPWW036","FPWW0360318",588,"LG Absalon",3,8,18,318,1,"FPWW0360318_1","SFE","C321"
"FPWW036","FPWW0360318",588,"LG Absalon",3,8,18,318,2,"FPWW0360318_2","SFE","C322"
"FPWW036","FPWW0360318",588,"LG Absalon",3,8,18,318,3,"FPWW0360318_3","SFE","C323"
"FPWW036","FPWW0360318",588,"LG Absalon",3,8,18,318,4,"FPWW0360318_4","SFE","C324"
"FPWW036","FPWW0360318",588,"LG Absalon",3,8,18,318,5,"FPWW0360318_5","SFE","C325"
"FPWW036","FPWW0360318",588,"LG Absalon",3,8,18,318,6,"FPWW0360318_6","SFE","C326"
"FPWW036","FPWW0360318",588,"LG Absalon",3,8,18,318,7,"FPWW0360318_7","SFE","C327"
"FPWW036","FPWW0360318",588,"LG Absalon",3,8,18,318,8,"FPWW0360318_8","SFE","C328"
"FPWW036","FPWW0360318",588,"LG Absalon",3,8,18,318,9,"FPWW0360318_9","SFE","C329"
"FPWW036","FPWW0360318",588,"LG Absalon",3,8,18,318,10,"FPWW0360318_10","SFE","C330"
"FPWW036","FPWW0360335",19111861,"LG_MONDIAL",3,12,19,335,1,"FPWW0360335_1","SFE","C331"
"FPWW036","FPWW0360335",19111861,"LG_MONDIAL",3,12,19,335,2,"FPWW0360335_2","SFE","C332"
"FPWW036","FPWW0360335",19111861,"LG_MONDIAL",3,12,19,335,3,"FPWW0360335_3","SFE","C333"
"FPWW036","FPWW0360335",19111861,"LG_MONDIAL",3,12,19,335,4,"FPWW0360335_4","SFE","C334"
"FPWW036","FPWW0360335",19111861,"LG_MONDIAL",3,12,19,335,5,"FPWW0360335_5","SFE","C335"
"FPWW036","FPWW0360335",19111861,"LG_MONDIAL",3,12,19,335,6,"FPWW0360335_6","SFE","C336"
"FPWW036","FPWW0360335",19111861,"LG_MONDIAL",3,12,19,335,7,"FPWW0360335_7","SFE","C337"
"FPWW036","FPWW0360335",19111861,"LG_MONDIAL",3,12,19,335,8,"FPWW0360335_8","SFE","C338"
"FPWW036","FPWW0360335",19111861,"LG_MONDIAL",3,12,19,335,9,"FPWW0360335_9","SFE","C339"
"FPWW036","FPWW0360335",19111861,"LG_MONDIAL",3,12,19,335,10,"FPWW0360335_10","SFE","C340"
"FPWW036","FPWW0360253",6,"ARINA",3,2,15,253,1,"FPWW0360253_1","SFH","C341"
"FPWW036","FPWW0360253",6,"ARINA",3,2,15,253,2,"FPWW0360253_2","SFH","C342"
"FPWW036","FPWW0360253",6,"ARINA",3,2,15,253,3,"FPWW0360253_3","SFH","C343"
"FPWW036","FPWW0360253",6,"ARINA",3,2,15,253,4,"FPWW0360253_4","SFH","C344"
"FPWW036","FPWW0360253",6,"ARINA",3,2,15,253,5,"FPWW0360253_5","SFH","C345"
"FPWW036","FPWW0360253",6,"ARINA",3,2,15,253,6,"FPWW0360253_6","SFH","C346"
"FPWW036","FPWW0360253",6,"ARINA",3,2,15,253,7,"FPWW0360253_7","SFH","C347"
"FPWW036","FPWW0360253",6,"ARINA",3,2,15,253,8,"FPWW0360253_8","SFH","C348"
"FPWW036","FPWW0360253",6,"ARINA",3,2,15,253,9,"FPWW0360253_9","SFH","C349"
"FPWW036","FPWW0360253",6,"ARINA",3,2,15,253,10,"FPWW0360253_10","SFH","C350"
"FPWW036","FPWW0360254",347,"Soissons",3,3,15,254,1,"FPWW0360254_1","SFH","C351"
"FPWW036","FPWW0360254",347,"Soissons",3,3,15,254,2,"FPWW0360254_2","SFH","C352"
"FPWW036","FPWW0360254",347,"Soissons",3,3,15,254,3,"FPWW0360254_3","SFH","C353"
"FPWW036","FPWW0360254",347,"Soissons",3,3,15,254,4,"FPWW0360254_4","SFH","C354"
"FPWW036","FPWW0360254",347,"Soissons",3,3,15,254,5,"FPWW0360254_5","SFH","C355"
"FPWW036","FPWW0360254",347,"Soissons",3,3,15,254,6,"FPWW0360254_6","SFH","C356"
"FPWW036","FPWW0360254",347,"Soissons",3,3,15,254,7,"FPWW0360254_7","SFH","C357"
"FPWW036","FPWW0360254",347,"Soissons",3,3,15,254,8,"FPWW0360254_8","SFH","C358"
"FPWW036","FPWW0360254",347,"Soissons",3,3,15,254,9,"FPWW0360254_9","SFH","C359"
"FPWW036","FPWW0360254",347,"Soissons",3,3,15,254,10,"FPWW0360254_10","SFH","C360"
"FPWW036","FPWW0360255",546,"ALPVAL",3,4,15,255,1,"FPWW0360255_1","SFH","C361"
"FPWW036","FPWW0360255",546,"ALPVAL",3,4,15,255,2,"FPWW0360255_2","SFH","C362"
"FPWW036","FPWW0360255",546,"ALPVAL",3,4,15,255,3,"FPWW0360255_3","SFH","C363"
"FPWW036","FPWW0360255",546,"ALPVAL",3,4,15,255,4,"FPWW0360255_4","SFH","C364"
"FPWW036","FPWW0360255",546,"ALPVAL",3,4,15,255,5,"FPWW0360255_5","SFH","C365"
"FPWW036","FPWW0360255",546,"ALPVAL",3,4,15,255,6,"FPWW0360255_6","SFH","C366"
"FPWW036","FPWW0360255",546,"ALPVAL",3,4,15,255,7,"FPWW0360255_7","SFH","C367"
"FPWW036","FPWW0360255",546,"ALPVAL",3,4,15,255,8,"FPWW0360255_8","SFH","C368"
"FPWW036","FPWW0360255",546,"ALPVAL",3,4,15,255,9,"FPWW0360255_9","SFH","C369"
"FPWW036","FPWW0360255",546,"ALPVAL",3,4,15,255,10,"FPWW0360255_10","SFH","C370"
"FPWW036","FPWW0360256",468,"Rubisko",3,5,15,256,1,"FPWW0360256_1","SFH","C371"
"FPWW036","FPWW0360256",468,"Rubisko",3,5,15,256,2,"FPWW0360256_2","SFH","C372"
"FPWW036","FPWW0360256",468,"Rubisko",3,5,15,256,3,"FPWW0360256_3","SFH","C373"
"FPWW036","FPWW0360256",468,"Rubisko",3,5,15,256,4,"FPWW0360256_4","SFH","C374"
"FPWW036","FPWW0360256",468,"Rubisko",3,5,15,256,5,"FPWW0360256_5","SFH","C375"
"FPWW036","FPWW0360256",468,"Rubisko",3,5,15,256,6,"FPWW0360256_6","SFH","C376"
"FPWW036","FPWW0360256",468,"Rubisko",3,5,15,256,7,"FPWW0360256_7","SFH","C377"
"FPWW036","FPWW0360256",468,"Rubisko",3,5,15,256,8,"FPWW0360256_8","SFH","C378"
"FPWW036","FPWW0360256",468,"Rubisko",3,5,15,256,9,"FPWW0360256_9","SFH","C379"
"FPWW036","FPWW0360256",468,"Rubisko",3,5,15,256,10,"FPWW0360256_10","SFH","C380"
"FPWW036","FPWW0360257",24,"ZENITH",3,6,15,257,1,"FPWW0360257_1","SFH","C381"
"FPWW036","FPWW0360257",24,"ZENITH",3,6,15,257,2,"FPWW0360257_2","SFH","C382"
"FPWW036","FPWW0360257",24,"ZENITH",3,6,15,257,3,"FPWW0360257_3","SFH","C383"
"FPWW036","FPWW0360257",24,"ZENITH",3,6,15,257,4,"FPWW0360257_4","SFH","C384"
"FPWW036","FPWW0360257",24,"ZENITH",3,6,15,257,5,"FPWW0360257_5","SFH","C385"
"FPWW036","FPWW0360257",24,"ZENITH",3,6,15,257,6,"FPWW0360257_6","SFH","C386"
"FPWW036","FPWW0360257",24,"ZENITH",3,6,15,257,7,"FPWW0360257_7","SFH","C387"
"FPWW036","FPWW0360257",24,"ZENITH",3,6,15,257,8,"FPWW0360257_8","SFH","C388"
"FPWW036","FPWW0360257",24,"ZENITH",3,6,15,257,9,"FPWW0360257_9","SFH","C389"
"FPWW036","FPWW0360257",24,"ZENITH",3,6,15,257,10,"FPWW0360257_10","SFH","C390"
"FPWW036","FPWW0360258",15,"GALAXIE",3,7,15,258,1,"FPWW0360258_1","SFH","C391"
"FPWW036","FPWW0360258",15,"GALAXIE",3,7,15,258,2,"FPWW0360258_2","SFH","C392"
"FPWW036","FPWW0360258",15,"GALAXIE",3,7,15,258,3,"FPWW0360258_3","SFH","C393"
"FPWW036","FPWW0360258",15,"GALAXIE",3,7,15,258,4,"FPWW0360258_4","SFH","C394"
"FPWW036","FPWW0360258",15,"GALAXIE",3,7,15,258,5,"FPWW0360258_5","SFH","C395"
"FPWW036","FPWW0360258",15,"GALAXIE",3,7,15,258,6,"FPWW0360258_6","SFH","C396"
"FPWW036","FPWW0360258",15,"GALAXIE",3,7,15,258,7,"FPWW0360258_7","SFH","C397"
"FPWW036","FPWW0360258",15,"GALAXIE",3,7,15,258,8,"FPWW0360258_8","SFH","C398"
"FPWW036","FPWW0360258",15,"GALAXIE",3,7,15,258,9,"FPWW0360258_9","SFH","C399"
"FPWW036","FPWW0360258",15,"GALAXIE",3,7,15,258,10,"FPWW0360258_10","SFH","C400"
"FPWW036","FPWW0360259",575,"CAPITOLE-VILMORIN",3,8,15,259,1,"FPWW0360259_1","SFH","C401"
"FPWW036","FPWW0360259",575,"CAPITOLE-VILMORIN",3,8,15,259,2,"FPWW0360259_2","SFH","C402"
"FPWW036","FPWW0360259",575,"CAPITOLE-VILMORIN",3,8,15,259,3,"FPWW0360259_3","SFH","C403"
"FPWW036","FPWW0360259",575,"CAPITOLE-VILMORIN",3,8,15,259,4,"FPWW0360259_4","SFH","C404"
"FPWW036","FPWW0360259",575,"CAPITOLE-VILMORIN",3,8,15,259,5,"FPWW0360259_5","SFH","C405"
"FPWW036","FPWW0360259",575,"CAPITOLE-VILMORIN",3,8,15,259,6,"FPWW0360259_6","SFH","C406"
"FPWW036","FPWW0360259",575,"CAPITOLE-VILMORIN",3,8,15,259,7,"FPWW0360259_7","SFH","C407"
"FPWW036","FPWW0360259",575,"CAPITOLE-VILMORIN",3,8,15,259,8,"FPWW0360259_8","SFH","C408"
"FPWW036","FPWW0360259",575,"CAPITOLE-VILMORIN",3,8,15,259,9,"FPWW0360259_9","SFH","C409"
"FPWW036","FPWW0360259",575,"CAPITOLE-VILMORIN",3,8,15,259,10,"FPWW0360259_10","SFH","C410"
"FPWW036","FPWW0360301",11115145,"MONTALBANO",3,14,17,301,1,"FPWW0360301_1","SFE","C411"
"FPWW036","FPWW0360301",11115145,"MONTALBANO",3,14,17,301,2,"FPWW0360301_2","SFE","C412"
"FPWW036","FPWW0360301",11115145,"MONTALBANO",3,14,17,301,3,"FPWW0360301_3","SFE","C413"
"FPWW036","FPWW0360301",11115145,"MONTALBANO",3,14,17,301,4,"FPWW0360301_4","SFE","C414"
"FPWW036","FPWW0360301",11115145,"MONTALBANO",3,14,17,301,5,"FPWW0360301_5","SFE","C415"
"FPWW036","FPWW0360301",11115145,"MONTALBANO",3,14,17,301,6,"FPWW0360301_6","SFE","C416"
"FPWW036","FPWW0360301",11115145,"MONTALBANO",3,14,17,301,7,"FPWW0360301_7","SFE","C417"
"FPWW036","FPWW0360301",11115145,"MONTALBANO",3,14,17,301,8,"FPWW0360301_8","SFE","C418"
"FPWW036","FPWW0360301",11115145,"MONTALBANO",3,14,17,301,9,"FPWW0360301_9","SFE","C419"
"FPWW036","FPWW0360301",11115145,"MONTALBANO",3,14,17,301,10,"FPWW0360301_10","SFE","C420"
"FPWW036","FPWW0360304",452,"MONTALBANO",3,17,17,304,1,"FPWW0360304_1","SFE","C421"
"FPWW036","FPWW0360304",452,"MONTALBANO",3,17,17,304,2,"FPWW0360304_2","SFE","C422"
"FPWW036","FPWW0360304",452,"MONTALBANO",3,17,17,304,3,"FPWW0360304_3","SFE","C423"
"FPWW036","FPWW0360304",452,"MONTALBANO",3,17,17,304,4,"FPWW0360304_4","SFE","C424"
"FPWW036","FPWW0360304",452,"MONTALBANO",3,17,17,304,5,"FPWW0360304_5","SFE","C425"
"FPWW036","FPWW0360304",452,"MONTALBANO",3,17,17,304,6,"FPWW0360304_6","SFE","C426"
"FPWW036","FPWW0360304",452,"MONTALBANO",3,17,17,304,7,"FPWW0360304_7","SFE","C427"
"FPWW036","FPWW0360304",452,"MONTALBANO",3,17,17,304,8,"FPWW0360304_8","SFE","C428"
"FPWW036","FPWW0360304",452,"MONTALBANO",3,17,17,304,9,"FPWW0360304_9","SFE","C429"
"FPWW036","FPWW0360304",452,"MONTALBANO",3,17,17,304,10,"FPWW0360304_10","SFE","C430"
"FPWW036","FPWW0360321",452,"MONTALBANO",3,5,18,321,1,"FPWW0360321_1","SFE","C431"
"FPWW036","FPWW0360321",452,"MONTALBANO",3,5,18,321,2,"FPWW0360321_2","SFE","C432"
"FPWW036","FPWW0360321",452,"MONTALBANO",3,5,18,321,3,"FPWW0360321_3","SFE","C433"
"FPWW036","FPWW0360321",452,"MONTALBANO",3,5,18,321,4,"FPWW0360321_4","SFE","C434"
"FPWW036","FPWW0360321",452,"MONTALBANO",3,5,18,321,5,"FPWW0360321_5","SFE","C435"
"FPWW036","FPWW0360321",452,"MONTALBANO",3,5,18,321,6,"FPWW0360321_6","SFE","C436"
"FPWW036","FPWW0360321",452,"MONTALBANO",3,5,18,321,7,"FPWW0360321_7","SFE","C437"
"FPWW036","FPWW0360321",452,"MONTALBANO",3,5,18,321,8,"FPWW0360321_8","SFE","C438"
"FPWW036","FPWW0360321",452,"MONTALBANO",3,5,18,321,9,"FPWW0360321_9","SFE","C439"
"FPWW036","FPWW0360321",452,"MONTALBANO",3,5,18,321,10,"FPWW0360321_10","SFE","C440"
"FPWW036","FPWW0360326",452,"MONTALBANO",3,3,19,326,1,"FPWW0360326_1","SFE","C441"
"FPWW036","FPWW0360326",452,"MONTALBANO",3,3,19,326,2,"FPWW0360326_2","SFE","C442"
"FPWW036","FPWW0360326",452,"MONTALBANO",3,3,19,326,3,"FPWW0360326_3","SFE","C443"
"FPWW036","FPWW0360326",452,"MONTALBANO",3,3,19,326,4,"FPWW0360326_4","SFE","C444"
"FPWW036","FPWW0360326",452,"MONTALBANO",3,3,19,326,5,"FPWW0360326_5","SFE","C445"
"FPWW036","FPWW0360326",452,"MONTALBANO",3,3,19,326,6,"FPWW0360326_6","SFE","C446"
"FPWW036","FPWW0360326",452,"MONTALBANO",3,3,19,326,7,"FPWW0360326_7","SFE","C447"
"FPWW036","FPWW0360326",452,"MONTALBANO",3,3,19,326,8,"FPWW0360326_8","SFE","C448"
"FPWW036","FPWW0360326",452,"MONTALBANO",3,3,19,326,9,"FPWW0360326_9","SFE","C449"
"FPWW036","FPWW0360326",452,"MONTALBANO",3,3,19,326,10,"FPWW0360326_10","SFE","C450"
"FPWW036","FPWW0360324",586,"Mv Nador",3,2,18,324,1,"FPWW0360324_1","SFE","C451"
"FPWW036","FPWW0360324",586,"Mv Nador",3,2,18,324,2,"FPWW0360324_2","SFE","C452"
"FPWW036","FPWW0360324",586,"Mv Nador",3,2,18,324,3,"FPWW0360324_3","SFE","C453"
"FPWW036","FPWW0360324",586,"Mv Nador",3,2,18,324,4,"FPWW0360324_4","SFE","C454"
"FPWW036","FPWW0360324",586,"Mv Nador",3,2,18,324,5,"FPWW0360324_5","SFE","C455"
"FPWW036","FPWW0360324",586,"Mv Nador",3,2,18,324,6,"FPWW0360324_6","SFE","C456"
"FPWW036","FPWW0360324",586,"Mv Nador",3,2,18,324,7,"FPWW0360324_7","SFE","C457"
"FPWW036","FPWW0360324",586,"Mv Nador",3,2,18,324,8,"FPWW0360324_8","SFE","C458"
"FPWW036","FPWW0360324",586,"Mv Nador",3,2,18,324,9,"FPWW0360324_9","SFE","C459"
"FPWW036","FPWW0360324",586,"Mv Nador",3,2,18,324,10,"FPWW0360324_10","SFE","C460"
"FPWW036","FPWW0360342",589,"Nogal",3,19,19,342,1,"FPWW0360342_1","SFE","C461"
"FPWW036","FPWW0360342",589,"Nogal",3,19,19,342,2,"FPWW0360342_2","SFE","C462"
"FPWW036","FPWW0360342",589,"Nogal",3,19,19,342,3,"FPWW0360342_3","SFE","C463"
"FPWW036","FPWW0360342",589,"Nogal",3,19,19,342,4,"FPWW0360342_4","SFE","C464"
"FPWW036","FPWW0360342",589,"Nogal",3,19,19,342,5,"FPWW0360342_5","SFE","C465"
"FPWW036","FPWW0360342",589,"Nogal",3,19,19,342,6,"FPWW0360342_6","SFE","C466"
"FPWW036","FPWW0360342",589,"Nogal",3,19,19,342,7,"FPWW0360342_7","SFE","C467"
"FPWW036","FPWW0360342",589,"Nogal",3,19,19,342,8,"FPWW0360342_8","SFE","C468"
"FPWW036","FPWW0360342",589,"Nogal",3,19,19,342,9,"FPWW0360342_9","SFE","C469"
"FPWW036","FPWW0360342",589,"Nogal",3,19,19,342,10,"FPWW0360342_10","SFE","C470"
"FPWW036","FPWW0360302",11116405,"PIANALTO",3,15,17,302,1,"FPWW0360302_1","SFE","C471"
"FPWW036","FPWW0360302",11116405,"PIANALTO",3,15,17,302,2,"FPWW0360302_2","SFE","C472"
"FPWW036","FPWW0360302",11116405,"PIANALTO",3,15,17,302,3,"FPWW0360302_3","SFE","C473"
"FPWW036","FPWW0360302",11116405,"PIANALTO",3,15,17,302,4,"FPWW0360302_4","SFE","C474"
"FPWW036","FPWW0360302",11116405,"PIANALTO",3,15,17,302,5,"FPWW0360302_5","SFE","C475"
"FPWW036","FPWW0360302",11116405,"PIANALTO",3,15,17,302,6,"FPWW0360302_6","SFE","C476"
"FPWW036","FPWW0360302",11116405,"PIANALTO",3,15,17,302,7,"FPWW0360302_7","SFE","C477"
"FPWW036","FPWW0360302",11116405,"PIANALTO",3,15,17,302,8,"FPWW0360302_8","SFE","C478"
"FPWW036","FPWW0360302",11116405,"PIANALTO",3,15,17,302,9,"FPWW0360302_9","SFE","C479"
"FPWW036","FPWW0360302",11116405,"PIANALTO",3,15,17,302,10,"FPWW0360302_10","SFE","C480"
"FPWW036","FPWW0360313",473,"PIZNAIR",3,13,18,313,1,"FPWW0360313_1","SFE","C481"
"FPWW036","FPWW0360313",473,"PIZNAIR",3,13,18,313,2,"FPWW0360313_2","SFE","C482"
"FPWW036","FPWW0360313",473,"PIZNAIR",3,13,18,313,3,"FPWW0360313_3","SFE","C483"
"FPWW036","FPWW0360313",473,"PIZNAIR",3,13,18,313,4,"FPWW0360313_4","SFE","C484"
"FPWW036","FPWW0360313",473,"PIZNAIR",3,13,18,313,5,"FPWW0360313_5","SFE","C485"
"FPWW036","FPWW0360313",473,"PIZNAIR",3,13,18,313,6,"FPWW0360313_6","SFE","C486"
"FPWW036","FPWW0360313",473,"PIZNAIR",3,13,18,313,7,"FPWW0360313_7","SFE","C487"
"FPWW036","FPWW0360313",473,"PIZNAIR",3,13,18,313,8,"FPWW0360313_8","SFE","C488"
"FPWW036","FPWW0360313",473,"PIZNAIR",3,13,18,313,9,"FPWW0360313_9","SFE","C489"
"FPWW036","FPWW0360313",473,"PIZNAIR",3,13,18,313,10,"FPWW0360313_10","SFE","C490"
"FPWW036","FPWW0360310",466,"PONCIONE",3,16,18,310,1,"FPWW0360310_1","SFE","C491"
"FPWW036","FPWW0360310",466,"PONCIONE",3,16,18,310,2,"FPWW0360310_2","SFE","C492"
"FPWW036","FPWW0360310",466,"PONCIONE",3,16,18,310,3,"FPWW0360310_3","SFE","C493"
"FPWW036","FPWW0360310",466,"PONCIONE",3,16,18,310,4,"FPWW0360310_4","SFE","C494"
"FPWW036","FPWW0360310",466,"PONCIONE",3,16,18,310,5,"FPWW0360310_5","SFE","C495"
"FPWW036","FPWW0360310",466,"PONCIONE",3,16,18,310,6,"FPWW0360310_6","SFE","C496"
"FPWW036","FPWW0360310",466,"PONCIONE",3,16,18,310,7,"FPWW0360310_7","SFE","C497"
"FPWW036","FPWW0360310",466,"PONCIONE",3,16,18,310,8,"FPWW0360310_8","SFE","C498"
"FPWW036","FPWW0360310",466,"PONCIONE",3,16,18,310,9,"FPWW0360310_9","SFE","C499"
"FPWW036","FPWW0360310",466,"PONCIONE",3,16,18,310,10,"FPWW0360310_10","SFE","C500"
"FPWW036","FPWW0360334",460,"POSMEDA",3,11,19,334,1,"FPWW0360334_1","SFE","C501"
"FPWW036","FPWW0360334",460,"POSMEDA",3,11,19,334,2,"FPWW0360334_2","SFE","C502"
"FPWW036","FPWW0360334",460,"POSMEDA",3,11,19,334,3,"FPWW0360334_3","SFE","C503"
"FPWW036","FPWW0360334",460,"POSMEDA",3,11,19,334,4,"FPWW0360334_4","SFE","C504"
"FPWW036","FPWW0360334",460,"POSMEDA",3,11,19,334,5,"FPWW0360334_5","SFE","C505"
"FPWW036","FPWW0360334",460,"POSMEDA",3,11,19,334,6,"FPWW0360334_6","SFE","C506"
"FPWW036","FPWW0360334",460,"POSMEDA",3,11,19,334,7,"FPWW0360334_7","SFE","C507"
"FPWW036","FPWW0360334",460,"POSMEDA",3,11,19,334,8,"FPWW0360334_8","SFE","C508"
"FPWW036","FPWW0360334",460,"POSMEDA",3,11,19,334,9,"FPWW0360334_9","SFE","C509"
"FPWW036","FPWW0360334",460,"POSMEDA",3,11,19,334,10,"FPWW0360334_10","SFE","C510"
"FPWW036","FPWW0360290",587,"RGT Reform",3,3,17,290,1,"FPWW0360290_1","SFE","C511"
"FPWW036","FPWW0360290",587,"RGT Reform",3,3,17,290,2,"FPWW0360290_2","SFE","C512"
"FPWW036","FPWW0360290",587,"RGT Reform",3,3,17,290,3,"FPWW0360290_3","SFE","C513"
"FPWW036","FPWW0360290",587,"RGT Reform",3,3,17,290,4,"FPWW0360290_4","SFE","C514"
"FPWW036","FPWW0360290",587,"RGT Reform",3,3,17,290,5,"FPWW0360290_5","SFE","C515"
"FPWW036","FPWW0360290",587,"RGT Reform",3,3,17,290,6,"FPWW0360290_6","SFE","C516"
"FPWW036","FPWW0360290",587,"RGT Reform",3,3,17,290,7,"FPWW0360290_7","SFE","C517"
"FPWW036","FPWW0360290",587,"RGT Reform",3,3,17,290,8,"FPWW0360290_8","SFE","C518"
"FPWW036","FPWW0360290",587,"RGT Reform",3,3,17,290,9,"FPWW0360290_9","SFE","C519"
"FPWW036","FPWW0360290",587,"RGT Reform",3,3,17,290,10,"FPWW0360290_10","SFE","C520"
"FPWW036","FPWW0360295",459,"ROSATCH",3,8,17,295,1,"FPWW0360295_1","SFE","C521"
"FPWW036","FPWW0360295",459,"ROSATCH",3,8,17,295,2,"FPWW0360295_2","SFE","C522"
"FPWW036","FPWW0360295",459,"ROSATCH",3,8,17,295,3,"FPWW0360295_3","SFE","C523"
"FPWW036","FPWW0360295",459,"ROSATCH",3,8,17,295,4,"FPWW0360295_4","SFE","C524"
"FPWW036","FPWW0360295",459,"ROSATCH",3,8,17,295,5,"FPWW0360295_5","SFE","C525"
"FPWW036","FPWW0360295",459,"ROSATCH",3,8,17,295,6,"FPWW0360295_6","SFE","C526"
"FPWW036","FPWW0360295",459,"ROSATCH",3,8,17,295,7,"FPWW0360295_7","SFE","C527"
"FPWW036","FPWW0360295",459,"ROSATCH",3,8,17,295,8,"FPWW0360295_8","SFE","C528"
"FPWW036","FPWW0360295",459,"ROSATCH",3,8,17,295,9,"FPWW0360295_9","SFE","C529"
"FPWW036","FPWW0360295",459,"ROSATCH",3,8,17,295,10,"FPWW0360295_10","SFE","C530"
"FPWW036","FPWW0360260",33,"AKTEUR",3,9,15,260,1,"FPWW0360260_1","SFH","C531"
"FPWW036","FPWW0360260",33,"AKTEUR",3,9,15,260,2,"FPWW0360260_2","SFH","C532"
"FPWW036","FPWW0360260",33,"AKTEUR",3,9,15,260,3,"FPWW0360260_3","SFH","C533"
"FPWW036","FPWW0360260",33,"AKTEUR",3,9,15,260,4,"FPWW0360260_4","SFH","C534"
"FPWW036","FPWW0360260",33,"AKTEUR",3,9,15,260,5,"FPWW0360260_5","SFH","C535"
"FPWW036","FPWW0360260",33,"AKTEUR",3,9,15,260,6,"FPWW0360260_6","SFH","C536"
"FPWW036","FPWW0360260",33,"AKTEUR",3,9,15,260,7,"FPWW0360260_7","SFH","C537"
"FPWW036","FPWW0360260",33,"AKTEUR",3,9,15,260,8,"FPWW0360260_8","SFH","C538"
"FPWW036","FPWW0360260",33,"AKTEUR",3,9,15,260,9,"FPWW0360260_9","SFH","C539"
"FPWW036","FPWW0360260",33,"AKTEUR",3,9,15,260,10,"FPWW0360260_10","SFH","C540"
"FPWW036","FPWW0360261",603,"ZENTA",3,10,15,261,1,"FPWW0360261_1","SFH","C541"
"FPWW036","FPWW0360261",603,"ZENTA",3,10,15,261,2,"FPWW0360261_2","SFH","C542"
"FPWW036","FPWW0360261",603,"ZENTA",3,10,15,261,3,"FPWW0360261_3","SFH","C543"
"FPWW036","FPWW0360261",603,"ZENTA",3,10,15,261,4,"FPWW0360261_4","SFH","C544"
"FPWW036","FPWW0360261",603,"ZENTA",3,10,15,261,5,"FPWW0360261_5","SFH","C545"
"FPWW036","FPWW0360261",603,"ZENTA",3,10,15,261,6,"FPWW0360261_6","SFH","C546"
"FPWW036","FPWW0360261",603,"ZENTA",3,10,15,261,7,"FPWW0360261_7","SFH","C547"
"FPWW036","FPWW0360261",603,"ZENTA",3,10,15,261,8,"FPWW0360261_8","SFH","C548"
"FPWW036","FPWW0360261",603,"ZENTA",3,10,15,261,9,"FPWW0360261_9","SFH","C549"
"FPWW036","FPWW0360261",603,"ZENTA",3,10,15,261,10,"FPWW0360261_10","SFH","C550"
"FPWW036","FPWW0360317",11111420,"RUNAL",3,9,18,317,1,"FPWW0360317_1","SFE","C551"
"FPWW036","FPWW0360317",11111420,"RUNAL",3,9,18,317,2,"FPWW0360317_2","SFE","C552"
"FPWW036","FPWW0360317",11111420,"RUNAL",3,9,18,317,3,"FPWW0360317_3","SFE","C553"
"FPWW036","FPWW0360317",11111420,"RUNAL",3,9,18,317,4,"FPWW0360317_4","SFE","C554"
"FPWW036","FPWW0360317",11111420,"RUNAL",3,9,18,317,5,"FPWW0360317_5","SFE","C555"
"FPWW036","FPWW0360317",11111420,"RUNAL",3,9,18,317,6,"FPWW0360317_6","SFE","C556"
"FPWW036","FPWW0360317",11111420,"RUNAL",3,9,18,317,7,"FPWW0360317_7","SFE","C557"
"FPWW036","FPWW0360317",11111420,"RUNAL",3,9,18,317,8,"FPWW0360317_8","SFE","C558"
"FPWW036","FPWW0360317",11111420,"RUNAL",3,9,18,317,9,"FPWW0360317_9","SFE","C559"
"FPWW036","FPWW0360317",11111420,"RUNAL",3,9,18,317,10,"FPWW0360317_10","SFE","C560"
"FPWW036","FPWW0360262",45,"BUSSARD",3,11,15,262,1,"FPWW0360262_1","SFH","C561"
"FPWW036","FPWW0360262",45,"BUSSARD",3,11,15,262,2,"FPWW0360262_2","SFH","C562"
"FPWW036","FPWW0360262",45,"BUSSARD",3,11,15,262,3,"FPWW0360262_3","SFH","C563"
"FPWW036","FPWW0360262",45,"BUSSARD",3,11,15,262,4,"FPWW0360262_4","SFH","C564"
"FPWW036","FPWW0360262",45,"BUSSARD",3,11,15,262,5,"FPWW0360262_5","SFH","C565"
"FPWW036","FPWW0360262",45,"BUSSARD",3,11,15,262,6,"FPWW0360262_6","SFH","C566"
"FPWW036","FPWW0360262",45,"BUSSARD",3,11,15,262,7,"FPWW0360262_7","SFH","C567"
"FPWW036","FPWW0360262",45,"BUSSARD",3,11,15,262,8,"FPWW0360262_8","SFH","C568"
"FPWW036","FPWW0360262",45,"BUSSARD",3,11,15,262,9,"FPWW0360262_9","SFH","C569"
"FPWW036","FPWW0360262",45,"BUSSARD",3,11,15,262,10,"FPWW0360262_10","SFH","C570"
"FPWW036","FPWW0360263",606,"Boval",3,12,15,263,1,"FPWW0360263_1","SFH","C571"
"FPWW036","FPWW0360263",606,"Boval",3,12,15,263,2,"FPWW0360263_2","SFH","C572"
"FPWW036","FPWW0360263",606,"Boval",3,12,15,263,3,"FPWW0360263_3","SFH","C573"
"FPWW036","FPWW0360263",606,"Boval",3,12,15,263,4,"FPWW0360263_4","SFH","C574"
"FPWW036","FPWW0360263",606,"Boval",3,12,15,263,5,"FPWW0360263_5","SFH","C575"
"FPWW036","FPWW0360263",606,"Boval",3,12,15,263,6,"FPWW0360263_6","SFH","C576"
"FPWW036","FPWW0360263",606,"Boval",3,12,15,263,7,"FPWW0360263_7","SFH","C577"
"FPWW036","FPWW0360263",606,"Boval",3,12,15,263,8,"FPWW0360263_8","SFH","C578"
"FPWW036","FPWW0360263",606,"Boval",3,12,15,263,9,"FPWW0360263_9","SFH","C579"
"FPWW036","FPWW0360263",606,"Boval",3,12,15,263,10,"FPWW0360263_10","SFH","C580"
"FPWW036","FPWW0360264",576,"Top",3,13,15,264,1,"FPWW0360264_1","SFH","C581"
"FPWW036","FPWW0360264",576,"Top",3,13,15,264,2,"FPWW0360264_2","SFH","C582"
"FPWW036","FPWW0360264",576,"Top",3,13,15,264,3,"FPWW0360264_3","SFH","C583"
"FPWW036","FPWW0360264",576,"Top",3,13,15,264,4,"FPWW0360264_4","SFH","C584"
"FPWW036","FPWW0360264",576,"Top",3,13,15,264,5,"FPWW0360264_5","SFH","C585"
"FPWW036","FPWW0360264",576,"Top",3,13,15,264,6,"FPWW0360264_6","SFH","C586"
"FPWW036","FPWW0360264",576,"Top",3,13,15,264,7,"FPWW0360264_7","SFH","C587"
"FPWW036","FPWW0360264",576,"Top",3,13,15,264,8,"FPWW0360264_8","SFH","C588"
"FPWW036","FPWW0360264",576,"Top",3,13,15,264,9,"FPWW0360264_9","SFH","C589"
"FPWW036","FPWW0360264",576,"Top",3,13,15,264,10,"FPWW0360264_10","SFH","C590"
"FPWW036","FPWW0360265",578,"Fidel",3,14,15,265,1,"FPWW0360265_1","SFH","C591"
"FPWW036","FPWW0360265",578,"Fidel",3,14,15,265,2,"FPWW0360265_2","SFH","C592"
"FPWW036","FPWW0360265",578,"Fidel",3,14,15,265,3,"FPWW0360265_3","SFH","C593"
"FPWW036","FPWW0360265",578,"Fidel",3,14,15,265,4,"FPWW0360265_4","SFH","C594"
"FPWW036","FPWW0360265",578,"Fidel",3,14,15,265,5,"FPWW0360265_5","SFH","C595"
"FPWW036","FPWW0360265",578,"Fidel",3,14,15,265,6,"FPWW0360265_6","SFH","C596"
"FPWW036","FPWW0360265",578,"Fidel",3,14,15,265,7,"FPWW0360265_7","SFH","C597"
"FPWW036","FPWW0360265",578,"Fidel",3,14,15,265,8,"FPWW0360265_8","SFH","C598"
"FPWW036","FPWW0360265",578,"Fidel",3,14,15,265,9,"FPWW0360265_9","SFH","C599"
"FPWW036","FPWW0360265",578,"Fidel",3,14,15,265,10,"FPWW0360265_10","SFH","C600"
"FPWW036","FPWW0360266",577,"Talent",3,15,15,266,1,"FPWW0360266_1","SFH","C601"
"FPWW036","FPWW0360266",577,"Talent",3,15,15,266,2,"FPWW0360266_2","SFH","C602"
"FPWW036","FPWW0360266",577,"Talent",3,15,15,266,3,"FPWW0360266_3","SFH","C603"
"FPWW036","FPWW0360266",577,"Talent",3,15,15,266,4,"FPWW0360266_4","SFH","C604"
"FPWW036","FPWW0360266",577,"Talent",3,15,15,266,5,"FPWW0360266_5","SFH","C605"
"FPWW036","FPWW0360266",577,"Talent",3,15,15,266,6,"FPWW0360266_6","SFH","C606"
"FPWW036","FPWW0360266",577,"Talent",3,15,15,266,7,"FPWW0360266_7","SFH","C607"
"FPWW036","FPWW0360266",577,"Talent",3,15,15,266,8,"FPWW0360266_8","SFH","C608"
"FPWW036","FPWW0360266",577,"Talent",3,15,15,266,9,"FPWW0360266_9","SFH","C609"
"FPWW036","FPWW0360266",577,"Talent",3,15,15,266,10,"FPWW0360266_10","SFH","C610"
"FPWW036","FPWW0360267",82,"MAGISTER",3,16,15,267,1,"FPWW0360267_1","SFH","C611"
"FPWW036","FPWW0360267",82,"MAGISTER",3,16,15,267,2,"FPWW0360267_2","SFH","C612"
"FPWW036","FPWW0360267",82,"MAGISTER",3,16,15,267,3,"FPWW0360267_3","SFH","C613"
"FPWW036","FPWW0360267",82,"MAGISTER",3,16,15,267,4,"FPWW0360267_4","SFH","C614"
"FPWW036","FPWW0360267",82,"MAGISTER",3,16,15,267,5,"FPWW0360267_5","SFH","C615"
"FPWW036","FPWW0360267",82,"MAGISTER",3,16,15,267,6,"FPWW0360267_6","SFH","C616"
"FPWW036","FPWW0360267",82,"MAGISTER",3,16,15,267,7,"FPWW0360267_7","SFH","C617"
"FPWW036","FPWW0360267",82,"MAGISTER",3,16,15,267,8,"FPWW0360267_8","SFH","C618"
"FPWW036","FPWW0360267",82,"MAGISTER",3,16,15,267,9,"FPWW0360267_9","SFH","C619"
"FPWW036","FPWW0360267",82,"MAGISTER",3,16,15,267,10,"FPWW0360267_10","SFH","C620"
"FPWW036","FPWW0360314",592,"Skyfall",3,12,18,314,1,"FPWW0360314_1","SFE","C621"
"FPWW036","FPWW0360314",592,"Skyfall",3,12,18,314,2,"FPWW0360314_2","SFE","C622"
"FPWW036","FPWW0360314",592,"Skyfall",3,12,18,314,3,"FPWW0360314_3","SFE","C623"
"FPWW036","FPWW0360314",592,"Skyfall",3,12,18,314,4,"FPWW0360314_4","SFE","C624"
"FPWW036","FPWW0360314",592,"Skyfall",3,12,18,314,5,"FPWW0360314_5","SFE","C625"
"FPWW036","FPWW0360314",592,"Skyfall",3,12,18,314,6,"FPWW0360314_6","SFE","C626"
"FPWW036","FPWW0360314",592,"Skyfall",3,12,18,314,7,"FPWW0360314_7","SFE","C627"
"FPWW036","FPWW0360314",592,"Skyfall",3,12,18,314,8,"FPWW0360314_8","SFE","C628"
"FPWW036","FPWW0360314",592,"Skyfall",3,12,18,314,9,"FPWW0360314_9","SFE","C629"
"FPWW036","FPWW0360314",592,"Skyfall",3,12,18,314,10,"FPWW0360314_10","SFE","C630"
"FPWW036","FPWW0360268",372,"Sperber",3,17,15,268,1,"FPWW0360268_1","SFH","C631"
"FPWW036","FPWW0360268",372,"Sperber",3,17,15,268,2,"FPWW0360268_2","SFH","C632"
"FPWW036","FPWW0360268",372,"Sperber",3,17,15,268,3,"FPWW0360268_3","SFH","C633"
"FPWW036","FPWW0360268",372,"Sperber",3,17,15,268,4,"FPWW0360268_4","SFH","C634"
"FPWW036","FPWW0360268",372,"Sperber",3,17,15,268,5,"FPWW0360268_5","SFH","C635"
"FPWW036","FPWW0360268",372,"Sperber",3,17,15,268,6,"FPWW0360268_6","SFH","C636"
"FPWW036","FPWW0360268",372,"Sperber",3,17,15,268,7,"FPWW0360268_7","SFH","C637"
"FPWW036","FPWW0360268",372,"Sperber",3,17,15,268,8,"FPWW0360268_8","SFH","C638"
"FPWW036","FPWW0360268",372,"Sperber",3,17,15,268,9,"FPWW0360268_9","SFH","C639"
"FPWW036","FPWW0360268",372,"Sperber",3,17,15,268,10,"FPWW0360268_10","SFH","C640"
"FPWW036","FPWW0360269",25,"CH CAMEDO",3,18,15,269,1,"FPWW0360269_1","SFH","C641"
"FPWW036","FPWW0360269",25,"CH CAMEDO",3,18,15,269,2,"FPWW0360269_2","SFH","C642"
"FPWW036","FPWW0360269",25,"CH CAMEDO",3,18,15,269,3,"FPWW0360269_3","SFH","C643"
"FPWW036","FPWW0360269",25,"CH CAMEDO",3,18,15,269,4,"FPWW0360269_4","SFH","C644"
"FPWW036","FPWW0360269",25,"CH CAMEDO",3,18,15,269,5,"FPWW0360269_5","SFH","C645"
"FPWW036","FPWW0360269",25,"CH CAMEDO",3,18,15,269,6,"FPWW0360269_6","SFH","C646"
"FPWW036","FPWW0360269",25,"CH CAMEDO",3,18,15,269,7,"FPWW0360269_7","SFH","C647"
"FPWW036","FPWW0360269",25,"CH CAMEDO",3,18,15,269,8,"FPWW0360269_8","SFH","C648"
"FPWW036","FPWW0360269",25,"CH CAMEDO",3,18,15,269,9,"FPWW0360269_9","SFH","C649"
"FPWW036","FPWW0360269",25,"CH CAMEDO",3,18,15,269,10,"FPWW0360269_10","SFH","C650"
"FPWW036","FPWW0360270",2,"TAMARO",3,19,15,270,1,"FPWW0360270_1","SFH","C651"
"FPWW036","FPWW0360270",2,"TAMARO",3,19,15,270,2,"FPWW0360270_2","SFH","C652"
"FPWW036","FPWW0360270",2,"TAMARO",3,19,15,270,3,"FPWW0360270_3","SFH","C653"
"FPWW036","FPWW0360270",2,"TAMARO",3,19,15,270,4,"FPWW0360270_4","SFH","C654"
"FPWW036","FPWW0360270",2,"TAMARO",3,19,15,270,5,"FPWW0360270_5","SFH","C655"
"FPWW036","FPWW0360270",2,"TAMARO",3,19,15,270,6,"FPWW0360270_6","SFH","C656"
"FPWW036","FPWW0360270",2,"TAMARO",3,19,15,270,7,"FPWW0360270_7","SFH","C657"
"FPWW036","FPWW0360270",2,"TAMARO",3,19,15,270,8,"FPWW0360270_8","SFH","C658"
"FPWW036","FPWW0360270",2,"TAMARO",3,19,15,270,9,"FPWW0360270_9","SFH","C659"
"FPWW036","FPWW0360270",2,"TAMARO",3,19,15,270,10,"FPWW0360270_10","SFH","C660"
"FPWW036","FPWW0360288",29,"SURETTA",3,2,16,288,1,"FPWW0360288_1","SFH","C661"
"FPWW036","FPWW0360288",29,"SURETTA",3,2,16,288,2,"FPWW0360288_2","SFH","C662"
"FPWW036","FPWW0360288",29,"SURETTA",3,2,16,288,3,"FPWW0360288_3","SFH","C663"
"FPWW036","FPWW0360288",29,"SURETTA",3,2,16,288,4,"FPWW0360288_4","SFH","C664"
"FPWW036","FPWW0360288",29,"SURETTA",3,2,16,288,5,"FPWW0360288_5","SFH","C665"
"FPWW036","FPWW0360288",29,"SURETTA",3,2,16,288,6,"FPWW0360288_6","SFH","C666"
"FPWW036","FPWW0360288",29,"SURETTA",3,2,16,288,7,"FPWW0360288_7","SFH","C667"
"FPWW036","FPWW0360288",29,"SURETTA",3,2,16,288,8,"FPWW0360288_8","SFH","C668"
"FPWW036","FPWW0360288",29,"SURETTA",3,2,16,288,9,"FPWW0360288_9","SFH","C669"
"FPWW036","FPWW0360288",29,"SURETTA",3,2,16,288,10,"FPWW0360288_10","SFH","C670"
"FPWW036","FPWW0360311",21114291,"SPINAS",3,15,18,311,1,"FPWW0360311_1","SFE","C671"
"FPWW036","FPWW0360311",21114291,"SPINAS",3,15,18,311,2,"FPWW0360311_2","SFE","C672"
"FPWW036","FPWW0360311",21114291,"SPINAS",3,15,18,311,3,"FPWW0360311_3","SFE","C673"
"FPWW036","FPWW0360311",21114291,"SPINAS",3,15,18,311,4,"FPWW0360311_4","SFE","C674"
"FPWW036","FPWW0360311",21114291,"SPINAS",3,15,18,311,5,"FPWW0360311_5","SFE","C675"
"FPWW036","FPWW0360311",21114291,"SPINAS",3,15,18,311,6,"FPWW0360311_6","SFE","C676"
"FPWW036","FPWW0360311",21114291,"SPINAS",3,15,18,311,7,"FPWW0360311_7","SFE","C677"
"FPWW036","FPWW0360311",21114291,"SPINAS",3,15,18,311,8,"FPWW0360311_8","SFE","C678"
"FPWW036","FPWW0360311",21114291,"SPINAS",3,15,18,311,9,"FPWW0360311_9","SFE","C679"
"FPWW036","FPWW0360311",21114291,"SPINAS",3,15,18,311,10,"FPWW0360311_10","SFE","C680"
"FPWW036","FPWW0360287",92,"MONOPOL",3,3,16,287,1,"FPWW0360287_1","SFH","C681"
"FPWW036","FPWW0360287",92,"MONOPOL",3,3,16,287,2,"FPWW0360287_2","SFH","C682"
"FPWW036","FPWW0360287",92,"MONOPOL",3,3,16,287,3,"FPWW0360287_3","SFH","C683"
"FPWW036","FPWW0360287",92,"MONOPOL",3,3,16,287,4,"FPWW0360287_4","SFH","C684"
"FPWW036","FPWW0360287",92,"MONOPOL",3,3,16,287,5,"FPWW0360287_5","SFH","C685"
"FPWW036","FPWW0360287",92,"MONOPOL",3,3,16,287,6,"FPWW0360287_6","SFH","C686"
"FPWW036","FPWW0360287",92,"MONOPOL",3,3,16,287,7,"FPWW0360287_7","SFH","C687"
"FPWW036","FPWW0360287",92,"MONOPOL",3,3,16,287,8,"FPWW0360287_8","SFH","C688"
"FPWW036","FPWW0360287",92,"MONOPOL",3,3,16,287,9,"FPWW0360287_9","SFH","C689"
"FPWW036","FPWW0360287",92,"MONOPOL",3,3,16,287,10,"FPWW0360287_10","SFH","C690"
"FPWW036","FPWW0360333",456,"SPONTAN",3,10,19,333,1,"FPWW0360333_1","SFE","C691"
"FPWW036","FPWW0360333",456,"SPONTAN",3,10,19,333,2,"FPWW0360333_2","SFE","C692"
"FPWW036","FPWW0360333",456,"SPONTAN",3,10,19,333,3,"FPWW0360333_3","SFE","C693"
"FPWW036","FPWW0360333",456,"SPONTAN",3,10,19,333,4,"FPWW0360333_4","SFE","C694"
"FPWW036","FPWW0360333",456,"SPONTAN",3,10,19,333,5,"FPWW0360333_5","SFE","C695"
"FPWW036","FPWW0360333",456,"SPONTAN",3,10,19,333,6,"FPWW0360333_6","SFE","C696"
"FPWW036","FPWW0360333",456,"SPONTAN",3,10,19,333,7,"FPWW0360333_7","SFE","C697"
"FPWW036","FPWW0360333",456,"SPONTAN",3,10,19,333,8,"FPWW0360333_8","SFE","C698"
"FPWW036","FPWW0360333",456,"SPONTAN",3,10,19,333,9,"FPWW0360333_9","SFE","C699"
"FPWW036","FPWW0360333",456,"SPONTAN",3,10,19,333,10,"FPWW0360333_10","SFE","C700"
"FPWW036","FPWW0360341",19111364,"SPONTAN",3,18,19,341,1,"FPWW0360341_1","SFE","C701"
"FPWW036","FPWW0360341",19111364,"SPONTAN",3,18,19,341,2,"FPWW0360341_2","SFE","C702"
"FPWW036","FPWW0360341",19111364,"SPONTAN",3,18,19,341,3,"FPWW0360341_3","SFE","C703"
"FPWW036","FPWW0360341",19111364,"SPONTAN",3,18,19,341,4,"FPWW0360341_4","SFE","C704"
"FPWW036","FPWW0360341",19111364,"SPONTAN",3,18,19,341,5,"FPWW0360341_5","SFE","C705"
"FPWW036","FPWW0360341",19111364,"SPONTAN",3,18,19,341,6,"FPWW0360341_6","SFE","C706"
"FPWW036","FPWW0360341",19111364,"SPONTAN",3,18,19,341,7,"FPWW0360341_7","SFE","C707"
"FPWW036","FPWW0360341",19111364,"SPONTAN",3,18,19,341,8,"FPWW0360341_8","SFE","C708"
"FPWW036","FPWW0360341",19111364,"SPONTAN",3,18,19,341,9,"FPWW0360341_9","SFE","C709"
"FPWW036","FPWW0360341",19111364,"SPONTAN",3,18,19,341,10,"FPWW0360341_10","SFE","C710"
"FPWW036","FPWW0360338",14210138,"SU HYMONTA",3,15,19,338,1,"FPWW0360338_1","SFE","C711"
"FPWW036","FPWW0360338",14210138,"SU HYMONTA",3,15,19,338,2,"FPWW0360338_2","SFE","C712"
"FPWW036","FPWW0360338",14210138,"SU HYMONTA",3,15,19,338,3,"FPWW0360338_3","SFE","C713"
"FPWW036","FPWW0360338",14210138,"SU HYMONTA",3,15,19,338,4,"FPWW0360338_4","SFE","C714"
"FPWW036","FPWW0360338",14210138,"SU HYMONTA",3,15,19,338,5,"FPWW0360338_5","SFE","C715"
"FPWW036","FPWW0360338",14210138,"SU HYMONTA",3,15,19,338,6,"FPWW0360338_6","SFE","C716"
"FPWW036","FPWW0360338",14210138,"SU HYMONTA",3,15,19,338,7,"FPWW0360338_7","SFE","C717"
"FPWW036","FPWW0360338",14210138,"SU HYMONTA",3,15,19,338,8,"FPWW0360338_8","SFE","C718"
"FPWW036","FPWW0360338",14210138,"SU HYMONTA",3,15,19,338,9,"FPWW0360338_9","SFE","C719"
"FPWW036","FPWW0360338",14210138,"SU HYMONTA",3,15,19,338,10,"FPWW0360338_10","SFE","C720"
"FPWW036","FPWW0360286",17,"TITLIS",3,4,16,286,1,"FPWW0360286_1","SFH","C721"
"FPWW036","FPWW0360286",17,"TITLIS",3,4,16,286,2,"FPWW0360286_2","SFH","C722"
"FPWW036","FPWW0360286",17,"TITLIS",3,4,16,286,3,"FPWW0360286_3","SFH","C723"
"FPWW036","FPWW0360286",17,"TITLIS",3,4,16,286,4,"FPWW0360286_4","SFH","C724"
"FPWW036","FPWW0360286",17,"TITLIS",3,4,16,286,5,"FPWW0360286_5","SFH","C725"
"FPWW036","FPWW0360286",17,"TITLIS",3,4,16,286,6,"FPWW0360286_6","SFH","C726"
"FPWW036","FPWW0360286",17,"TITLIS",3,4,16,286,7,"FPWW0360286_7","SFH","C727"
"FPWW036","FPWW0360286",17,"TITLIS",3,4,16,286,8,"FPWW0360286_8","SFH","C728"
"FPWW036","FPWW0360286",17,"TITLIS",3,4,16,286,9,"FPWW0360286_9","SFH","C729"
"FPWW036","FPWW0360286",17,"TITLIS",3,4,16,286,10,"FPWW0360286_10","SFH","C730"
"FPWW036","FPWW0360285",10,"CHAUMONT",3,5,16,285,1,"FPWW0360285_1","SFH","C731"
"FPWW036","FPWW0360285",10,"CHAUMONT",3,5,16,285,2,"FPWW0360285_2","SFH","C732"
"FPWW036","FPWW0360285",10,"CHAUMONT",3,5,16,285,3,"FPWW0360285_3","SFH","C733"
"FPWW036","FPWW0360285",10,"CHAUMONT",3,5,16,285,4,"FPWW0360285_4","SFH","C734"
"FPWW036","FPWW0360285",10,"CHAUMONT",3,5,16,285,5,"FPWW0360285_5","SFH","C735"
"FPWW036","FPWW0360285",10,"CHAUMONT",3,5,16,285,6,"FPWW0360285_6","SFH","C736"
"FPWW036","FPWW0360285",10,"CHAUMONT",3,5,16,285,7,"FPWW0360285_7","SFH","C737"
"FPWW036","FPWW0360285",10,"CHAUMONT",3,5,16,285,8,"FPWW0360285_8","SFH","C738"
"FPWW036","FPWW0360285",10,"CHAUMONT",3,5,16,285,9,"FPWW0360285_9","SFH","C739"
"FPWW036","FPWW0360285",10,"CHAUMONT",3,5,16,285,10,"FPWW0360285_10","SFH","C740"
"FPWW036","FPWW0360284",5,"LEVIS",3,6,16,284,1,"FPWW0360284_1","SFH","C741"
"FPWW036","FPWW0360284",5,"LEVIS",3,6,16,284,2,"FPWW0360284_2","SFH","C742"
"FPWW036","FPWW0360284",5,"LEVIS",3,6,16,284,3,"FPWW0360284_3","SFH","C743"
"FPWW036","FPWW0360284",5,"LEVIS",3,6,16,284,4,"FPWW0360284_4","SFH","C744"
"FPWW036","FPWW0360284",5,"LEVIS",3,6,16,284,5,"FPWW0360284_5","SFH","C745"
"FPWW036","FPWW0360284",5,"LEVIS",3,6,16,284,6,"FPWW0360284_6","SFH","C746"
"FPWW036","FPWW0360284",5,"LEVIS",3,6,16,284,7,"FPWW0360284_7","SFH","C747"
"FPWW036","FPWW0360284",5,"LEVIS",3,6,16,284,8,"FPWW0360284_8","SFH","C748"
"FPWW036","FPWW0360284",5,"LEVIS",3,6,16,284,9,"FPWW0360284_9","SFH","C749"
"FPWW036","FPWW0360284",5,"LEVIS",3,6,16,284,10,"FPWW0360284_10","SFH","C750"
"FPWW036","FPWW0360283",7,"Apache",3,7,16,283,1,"FPWW0360283_1","SFH","C751"
"FPWW036","FPWW0360283",7,"Apache",3,7,16,283,2,"FPWW0360283_2","SFH","C752"
"FPWW036","FPWW0360283",7,"Apache",3,7,16,283,3,"FPWW0360283_3","SFH","C753"
"FPWW036","FPWW0360283",7,"Apache",3,7,16,283,4,"FPWW0360283_4","SFH","C754"
"FPWW036","FPWW0360283",7,"Apache",3,7,16,283,5,"FPWW0360283_5","SFH","C755"
"FPWW036","FPWW0360283",7,"Apache",3,7,16,283,6,"FPWW0360283_6","SFH","C756"
"FPWW036","FPWW0360283",7,"Apache",3,7,16,283,7,"FPWW0360283_7","SFH","C757"
"FPWW036","FPWW0360283",7,"Apache",3,7,16,283,8,"FPWW0360283_8","SFH","C758"
"FPWW036","FPWW0360283",7,"Apache",3,7,16,283,9,"FPWW0360283_9","SFH","C759"
"FPWW036","FPWW0360283",7,"Apache",3,7,16,283,10,"FPWW0360283_10","SFH","C760"
"FPWW036","FPWW0360282",22,"LORENZO",3,8,16,282,1,"FPWW0360282_1","SFH","C761"
"FPWW036","FPWW0360282",22,"LORENZO",3,8,16,282,2,"FPWW0360282_2","SFH","C762"
"FPWW036","FPWW0360282",22,"LORENZO",3,8,16,282,3,"FPWW0360282_3","SFH","C763"
"FPWW036","FPWW0360282",22,"LORENZO",3,8,16,282,4,"FPWW0360282_4","SFH","C764"
"FPWW036","FPWW0360282",22,"LORENZO",3,8,16,282,5,"FPWW0360282_5","SFH","C765"
"FPWW036","FPWW0360282",22,"LORENZO",3,8,16,282,6,"FPWW0360282_6","SFH","C766"
"FPWW036","FPWW0360282",22,"LORENZO",3,8,16,282,7,"FPWW0360282_7","SFH","C767"
"FPWW036","FPWW0360282",22,"LORENZO",3,8,16,282,8,"FPWW0360282_8","SFH","C768"
"FPWW036","FPWW0360282",22,"LORENZO",3,8,16,282,9,"FPWW0360282_9","SFH","C769"
"FPWW036","FPWW0360282",22,"LORENZO",3,8,16,282,10,"FPWW0360282_10","SFH","C770"
"FPWW036","FPWW0360281",26,"ZINAL",3,9,16,281,1,"FPWW0360281_1","SFH","C771"
"FPWW036","FPWW0360281",26,"ZINAL",3,9,16,281,2,"FPWW0360281_2","SFH","C772"
"FPWW036","FPWW0360281",26,"ZINAL",3,9,16,281,3,"FPWW0360281_3","SFH","C773"
"FPWW036","FPWW0360281",26,"ZINAL",3,9,16,281,4,"FPWW0360281_4","SFH","C774"
"FPWW036","FPWW0360281",26,"ZINAL",3,9,16,281,5,"FPWW0360281_5","SFH","C775"
"FPWW036","FPWW0360281",26,"ZINAL",3,9,16,281,6,"FPWW0360281_6","SFH","C776"
"FPWW036","FPWW0360281",26,"ZINAL",3,9,16,281,7,"FPWW0360281_7","SFH","C777"
"FPWW036","FPWW0360281",26,"ZINAL",3,9,16,281,8,"FPWW0360281_8","SFH","C778"
"FPWW036","FPWW0360281",26,"ZINAL",3,9,16,281,9,"FPWW0360281_9","SFH","C779"
"FPWW036","FPWW0360281",26,"ZINAL",3,9,16,281,10,"FPWW0360281_10","SFH","C780"
"FPWW036","FPWW0360297",590,"Tenor",3,10,17,297,1,"FPWW0360297_1","SFE","C781"
"FPWW036","FPWW0360297",590,"Tenor",3,10,17,297,2,"FPWW0360297_2","SFE","C782"
"FPWW036","FPWW0360297",590,"Tenor",3,10,17,297,3,"FPWW0360297_3","SFE","C783"
"FPWW036","FPWW0360297",590,"Tenor",3,10,17,297,4,"FPWW0360297_4","SFE","C784"
"FPWW036","FPWW0360297",590,"Tenor",3,10,17,297,5,"FPWW0360297_5","SFE","C785"
"FPWW036","FPWW0360297",590,"Tenor",3,10,17,297,6,"FPWW0360297_6","SFE","C786"
"FPWW036","FPWW0360297",590,"Tenor",3,10,17,297,7,"FPWW0360297_7","SFE","C787"
"FPWW036","FPWW0360297",590,"Tenor",3,10,17,297,8,"FPWW0360297_8","SFE","C788"
"FPWW036","FPWW0360297",590,"Tenor",3,10,17,297,9,"FPWW0360297_9","SFE","C789"
"FPWW036","FPWW0360297",590,"Tenor",3,10,17,297,10,"FPWW0360297_10","SFE","C790"
"FPWW036","FPWW0360280",27,"SIMANO",3,10,16,280,1,"FPWW0360280_1","SFH","C791"
"FPWW036","FPWW0360280",27,"SIMANO",3,10,16,280,2,"FPWW0360280_2","SFH","C792"
"FPWW036","FPWW0360280",27,"SIMANO",3,10,16,280,3,"FPWW0360280_3","SFH","C793"
"FPWW036","FPWW0360280",27,"SIMANO",3,10,16,280,4,"FPWW0360280_4","SFH","C794"
"FPWW036","FPWW0360280",27,"SIMANO",3,10,16,280,5,"FPWW0360280_5","SFH","C795"
"FPWW036","FPWW0360280",27,"SIMANO",3,10,16,280,6,"FPWW0360280_6","SFH","C796"
"FPWW036","FPWW0360280",27,"SIMANO",3,10,16,280,7,"FPWW0360280_7","SFH","C797"
"FPWW036","FPWW0360280",27,"SIMANO",3,10,16,280,8,"FPWW0360280_8","SFH","C798"
"FPWW036","FPWW0360280",27,"SIMANO",3,10,16,280,9,"FPWW0360280_9","SFH","C799"
"FPWW036","FPWW0360280",27,"SIMANO",3,10,16,280,10,"FPWW0360280_10","SFH","C800"
"FPWW036","FPWW0360279",456,"SPONTAN",3,11,16,279,1,"FPWW0360279_1","SFH","C801"
"FPWW036","FPWW0360279",456,"SPONTAN",3,11,16,279,2,"FPWW0360279_2","SFH","C802"
"FPWW036","FPWW0360279",456,"SPONTAN",3,11,16,279,3,"FPWW0360279_3","SFH","C803"
"FPWW036","FPWW0360279",456,"SPONTAN",3,11,16,279,4,"FPWW0360279_4","SFH","C804"
"FPWW036","FPWW0360279",456,"SPONTAN",3,11,16,279,5,"FPWW0360279_5","SFH","C805"
"FPWW036","FPWW0360279",456,"SPONTAN",3,11,16,279,6,"FPWW0360279_6","SFH","C806"
"FPWW036","FPWW0360279",456,"SPONTAN",3,11,16,279,7,"FPWW0360279_7","SFH","C807"
"FPWW036","FPWW0360279",456,"SPONTAN",3,11,16,279,8,"FPWW0360279_8","SFH","C808"
"FPWW036","FPWW0360279",456,"SPONTAN",3,11,16,279,9,"FPWW0360279_9","SFH","C809"
"FPWW036","FPWW0360279",456,"SPONTAN",3,11,16,279,10,"FPWW0360279_10","SFH","C810"
"FPWW036","FPWW0360278",9,"FORNO",3,12,16,278,1,"FPWW0360278_1","SFH","C811"
"FPWW036","FPWW0360278",9,"FORNO",3,12,16,278,2,"FPWW0360278_2","SFH","C812"
"FPWW036","FPWW0360278",9,"FORNO",3,12,16,278,3,"FPWW0360278_3","SFH","C813"
"FPWW036","FPWW0360278",9,"FORNO",3,12,16,278,4,"FPWW0360278_4","SFH","C814"
"FPWW036","FPWW0360278",9,"FORNO",3,12,16,278,5,"FPWW0360278_5","SFH","C815"
"FPWW036","FPWW0360278",9,"FORNO",3,12,16,278,6,"FPWW0360278_6","SFH","C816"
"FPWW036","FPWW0360278",9,"FORNO",3,12,16,278,7,"FPWW0360278_7","SFH","C817"
"FPWW036","FPWW0360278",9,"FORNO",3,12,16,278,8,"FPWW0360278_8","SFH","C818"
"FPWW036","FPWW0360278",9,"FORNO",3,12,16,278,9,"FPWW0360278_9","SFH","C819"
"FPWW036","FPWW0360278",9,"FORNO",3,12,16,278,10,"FPWW0360278_10","SFH","C820"
"FPWW036","FPWW0360277",607,"ARBOLA",3,13,16,277,1,"FPWW0360277_1","SFH","C821"
"FPWW036","FPWW0360277",607,"ARBOLA",3,13,16,277,2,"FPWW0360277_2","SFH","C822"
"FPWW036","FPWW0360277",607,"ARBOLA",3,13,16,277,3,"FPWW0360277_3","SFH","C823"
"FPWW036","FPWW0360277",607,"ARBOLA",3,13,16,277,4,"FPWW0360277_4","SFH","C824"
"FPWW036","FPWW0360277",607,"ARBOLA",3,13,16,277,5,"FPWW0360277_5","SFH","C825"
"FPWW036","FPWW0360277",607,"ARBOLA",3,13,16,277,6,"FPWW0360277_6","SFH","C826"
"FPWW036","FPWW0360277",607,"ARBOLA",3,13,16,277,7,"FPWW0360277_7","SFH","C827"
"FPWW036","FPWW0360277",607,"ARBOLA",3,13,16,277,8,"FPWW0360277_8","SFH","C828"
"FPWW036","FPWW0360277",607,"ARBOLA",3,13,16,277,9,"FPWW0360277_9","SFH","C829"
"FPWW036","FPWW0360277",607,"ARBOLA",3,13,16,277,10,"FPWW0360277_10","SFH","C830"
"FPWW036","FPWW0360307",11116394,"VADRET",3,19,18,307,1,"FPWW0360307_1","SFE","C831"
"FPWW036","FPWW0360307",11116394,"VADRET",3,19,18,307,2,"FPWW0360307_2","SFE","C832"
"FPWW036","FPWW0360307",11116394,"VADRET",3,19,18,307,3,"FPWW0360307_3","SFE","C833"
"FPWW036","FPWW0360307",11116394,"VADRET",3,19,18,307,4,"FPWW0360307_4","SFE","C834"
"FPWW036","FPWW0360307",11116394,"VADRET",3,19,18,307,5,"FPWW0360307_5","SFE","C835"
"FPWW036","FPWW0360307",11116394,"VADRET",3,19,18,307,6,"FPWW0360307_6","SFE","C836"
"FPWW036","FPWW0360307",11116394,"VADRET",3,19,18,307,7,"FPWW0360307_7","SFE","C837"
"FPWW036","FPWW0360307",11116394,"VADRET",3,19,18,307,8,"FPWW0360307_8","SFE","C838"
"FPWW036","FPWW0360307",11116394,"VADRET",3,19,18,307,9,"FPWW0360307_9","SFE","C839"
"FPWW036","FPWW0360307",11116394,"VADRET",3,19,18,307,10,"FPWW0360307_10","SFE","C840"
"FPWW036","FPWW0360276",457,"SIALA",3,14,16,276,1,"FPWW0360276_1","SFH","C841"
"FPWW036","FPWW0360276",457,"SIALA",3,14,16,276,2,"FPWW0360276_2","SFH","C842"
"FPWW036","FPWW0360276",457,"SIALA",3,14,16,276,3,"FPWW0360276_3","SFH","C843"
"FPWW036","FPWW0360276",457,"SIALA",3,14,16,276,4,"FPWW0360276_4","SFH","C844"
"FPWW036","FPWW0360276",457,"SIALA",3,14,16,276,5,"FPWW0360276_5","SFH","C845"
"FPWW036","FPWW0360276",457,"SIALA",3,14,16,276,6,"FPWW0360276_6","SFH","C846"
"FPWW036","FPWW0360276",457,"SIALA",3,14,16,276,7,"FPWW0360276_7","SFH","C847"
"FPWW036","FPWW0360276",457,"SIALA",3,14,16,276,8,"FPWW0360276_8","SFH","C848"
"FPWW036","FPWW0360276",457,"SIALA",3,14,16,276,9,"FPWW0360276_9","SFH","C849"
"FPWW036","FPWW0360276",457,"SIALA",3,14,16,276,10,"FPWW0360276_10","SFH","C850"
"FPWW036","FPWW0360275",602,"FLINOR",3,15,16,275,1,"FPWW0360275_1","SFH","C851"
"FPWW036","FPWW0360275",602,"FLINOR",3,15,16,275,2,"FPWW0360275_2","SFH","C852"
"FPWW036","FPWW0360275",602,"FLINOR",3,15,16,275,3,"FPWW0360275_3","SFH","C853"
"FPWW036","FPWW0360275",602,"FLINOR",3,15,16,275,4,"FPWW0360275_4","SFH","C854"
"FPWW036","FPWW0360275",602,"FLINOR",3,15,16,275,5,"FPWW0360275_5","SFH","C855"
"FPWW036","FPWW0360275",602,"FLINOR",3,15,16,275,6,"FPWW0360275_6","SFH","C856"
"FPWW036","FPWW0360275",602,"FLINOR",3,15,16,275,7,"FPWW0360275_7","SFH","C857"
"FPWW036","FPWW0360275",602,"FLINOR",3,15,16,275,8,"FPWW0360275_8","SFH","C858"
"FPWW036","FPWW0360275",602,"FLINOR",3,15,16,275,9,"FPWW0360275_9","SFH","C859"
"FPWW036","FPWW0360275",602,"FLINOR",3,15,16,275,10,"FPWW0360275_10","SFH","C860"
"FPWW036","FPWW0360274",605,"SARDONA",3,16,16,274,1,"FPWW0360274_1","SFH","C861"
"FPWW036","FPWW0360274",605,"SARDONA",3,16,16,274,2,"FPWW0360274_2","SFH","C862"
"FPWW036","FPWW0360274",605,"SARDONA",3,16,16,274,3,"FPWW0360274_3","SFH","C863"
"FPWW036","FPWW0360274",605,"SARDONA",3,16,16,274,4,"FPWW0360274_4","SFH","C864"
"FPWW036","FPWW0360274",605,"SARDONA",3,16,16,274,5,"FPWW0360274_5","SFH","C865"
"FPWW036","FPWW0360274",605,"SARDONA",3,16,16,274,6,"FPWW0360274_6","SFH","C866"
"FPWW036","FPWW0360274",605,"SARDONA",3,16,16,274,7,"FPWW0360274_7","SFH","C867"
"FPWW036","FPWW0360274",605,"SARDONA",3,16,16,274,8,"FPWW0360274_8","SFH","C868"
"FPWW036","FPWW0360274",605,"SARDONA",3,16,16,274,9,"FPWW0360274_9","SFH","C869"
"FPWW036","FPWW0360274",605,"SARDONA",3,16,16,274,10,"FPWW0360274_10","SFH","C870"
"FPWW036","FPWW0360273",604,"EIGER",3,17,16,273,1,"FPWW0360273_1","SFH","C871"
"FPWW036","FPWW0360273",604,"EIGER",3,17,16,273,2,"FPWW0360273_2","SFH","C872"
"FPWW036","FPWW0360273",604,"EIGER",3,17,16,273,3,"FPWW0360273_3","SFH","C873"
"FPWW036","FPWW0360273",604,"EIGER",3,17,16,273,4,"FPWW0360273_4","SFH","C874"
"FPWW036","FPWW0360273",604,"EIGER",3,17,16,273,5,"FPWW0360273_5","SFH","C875"
"FPWW036","FPWW0360273",604,"EIGER",3,17,16,273,6,"FPWW0360273_6","SFH","C876"
"FPWW036","FPWW0360273",604,"EIGER",3,17,16,273,7,"FPWW0360273_7","SFH","C877"
"FPWW036","FPWW0360273",604,"EIGER",3,17,16,273,8,"FPWW0360273_8","SFH","C878"
"FPWW036","FPWW0360273",604,"EIGER",3,17,16,273,9,"FPWW0360273_9","SFH","C879"
"FPWW036","FPWW0360273",604,"EIGER",3,17,16,273,10,"FPWW0360273_10","SFH","C880"
"FPWW036","FPWW0360272",67,"Greif",3,18,16,272,1,"FPWW0360272_1","SFH","C881"
"FPWW036","FPWW0360272",67,"Greif",3,18,16,272,2,"FPWW0360272_2","SFH","C882"
"FPWW036","FPWW0360272",67,"Greif",3,18,16,272,3,"FPWW0360272_3","SFH","C883"
"FPWW036","FPWW0360272",67,"Greif",3,18,16,272,4,"FPWW0360272_4","SFH","C884"
"FPWW036","FPWW0360272",67,"Greif",3,18,16,272,5,"FPWW0360272_5","SFH","C885"
"FPWW036","FPWW0360272",67,"Greif",3,18,16,272,6,"FPWW0360272_6","SFH","C886"
"FPWW036","FPWW0360272",67,"Greif",3,18,16,272,7,"FPWW0360272_7","SFH","C887"
"FPWW036","FPWW0360272",67,"Greif",3,18,16,272,8,"FPWW0360272_8","SFH","C888"
"FPWW036","FPWW0360272",67,"Greif",3,18,16,272,9,"FPWW0360272_9","SFH","C889"
"FPWW036","FPWW0360272",67,"Greif",3,18,16,272,10,"FPWW0360272_10","SFH","C890"
"FPWW036","FPWW0360271",136,"JULIUS",3,19,16,271,1,"FPWW0360271_1","SFH","C891"
"FPWW036","FPWW0360271",136,"JULIUS",3,19,16,271,2,"FPWW0360271_2","SFH","C892"
"FPWW036","FPWW0360271",136,"JULIUS",3,19,16,271,3,"FPWW0360271_3","SFH","C893"
"FPWW036","FPWW0360271",136,"JULIUS",3,19,16,271,4,"FPWW0360271_4","SFH","C894"
"FPWW036","FPWW0360271",136,"JULIUS",3,19,16,271,5,"FPWW0360271_5","SFH","C895"
"FPWW036","FPWW0360271",136,"JULIUS",3,19,16,271,6,"FPWW0360271_6","SFH","C896"
"FPWW036","FPWW0360271",136,"JULIUS",3,19,16,271,7,"FPWW0360271_7","SFH","C897"
"FPWW036","FPWW0360271",136,"JULIUS",3,19,16,271,8,"FPWW0360271_8","SFH","C898"
"FPWW036","FPWW0360271",136,"JULIUS",3,19,16,271,9,"FPWW0360271_9","SFH","C899"
"FPWW036","FPWW0360271",136,"JULIUS",3,19,16,271,10,"FPWW0360271_10","SFH","C900"
